-- --------------------------------------------------------
-- 호스트:                          127.0.0.1
-- 서버 버전:                        8.0.31 - MySQL Community Server - GPL
-- 서버 OS:                        Win64
-- HeidiSQL 버전:                  11.3.0.6295
-- --------------------------------------------------------

/*!40101 SET @OLD_CHARACTER_SET_CLIENT=@@CHARACTER_SET_CLIENT */;
/*!40101 SET NAMES utf8 */;
/*!50503 SET NAMES utf8mb4 */;
/*!40014 SET @OLD_FOREIGN_KEY_CHECKS=@@FOREIGN_KEY_CHECKS, FOREIGN_KEY_CHECKS=0 */;
/*!40101 SET @OLD_SQL_MODE=@@SQL_MODE, SQL_MODE='NO_AUTO_VALUE_ON_ZERO' */;
/*!40111 SET @OLD_SQL_NOTES=@@SQL_NOTES, SQL_NOTES=0 */;


-- campingcar 데이터베이스 구조 내보내기
CREATE DATABASE IF NOT EXISTS `campingcar` /*!40100 DEFAULT CHARACTER SET utf8mb3 */ /*!80016 DEFAULT ENCRYPTION='N' */;
USE `campingcar`;

-- 테이블 campingcar.car 구조 내보내기
CREATE TABLE IF NOT EXISTS `car` (
  `car_regid` int NOT NULL AUTO_INCREMENT,
  `car_rentcompid` int NOT NULL,
  `car_modelname` varchar(250) CHARACTER SET utf8mb3 COLLATE utf8mb3_general_ci NOT NULL,
  `car_name` varchar(250) CHARACTER SET utf8mb3 COLLATE utf8mb3_general_ci NOT NULL,
  `car_number` varchar(50) CHARACTER SET utf8mb3 COLLATE utf8mb3_general_ci NOT NULL,
  `car_capa` varchar(50) NOT NULL DEFAULT '',
  `car_option` text CHARACTER SET utf8mb3 COLLATE utf8mb3_general_ci NOT NULL,
  `car_detail` text CHARACTER SET utf8mb3 COLLATE utf8mb3_general_ci NOT NULL,
  `car_rentprice` int NOT NULL,
  `car_regdate` date NOT NULL,
  PRIMARY KEY (`car_regid`)
) ENGINE=InnoDB AUTO_INCREMENT=9 DEFAULT CHARSET=utf8mb3;

-- 테이블 데이터 campingcar.car:~7 rows (대략적) 내보내기
/*!40000 ALTER TABLE `car` DISABLE KEYS */;
INSERT INTO `car` (`car_regid`, `car_rentcompid`, `car_modelname`, `car_name`, `car_number`, `car_capa`, `car_option`, `car_detail`, `car_rentprice`, `car_regdate`) VALUES
	(1, 1, '기아 카니발', '캠핑카 1호', '경기 허 0002', '5~6인 취침', '옵션 어쩌구', '캠핑카 1호 입니다.', 250000, '2023-01-16'),
	(2, 1, '기아 카니발', '캠핑카 2호', '경기 허 0002', '3~4인 취침', '인산철1200A / 태양광800W / 무시동히터 / 바닥난방 / 냉장고', '캠핑카 2호 입니다.', 200000, '2023-01-16'),
	(3, 1, '현대 스타리아', '캠핑카 3호', '경기 허 0003', '3~4인 취침', '인산철1200A / 태양광800W / 무시동히터 / 바닥난방 / 냉장고', '캠핑카 3호 입니다.', 300000, '2023-01-16'),
	(4, 1, '현대 스타리아', '캠핑카 4호', '경기 허 0004', '5~6인 취침', '인산철1200A / 태양광800W / 무시동히터 / 바닥난방 / 냉장고', '캠핑카 4호에 대한 어쩌구', 300000, '2023-01-16'),
	(5, 1, '쌍용 렉스턴스포츠칸', '캠핑카 5호', '경기 허 0005', '5~6인 취침', '인산철1200A / 태양광800W / 무시동히터 / 바닥난방 / 냉장고', '캠핑카 5호에 대한 어쩌구', 400000, '2023-01-16'),
	(6, 1, '쌍용 렉스턴스포츠칸', '캠핑카 6호', '경기 허 0006', '5~6인 취침', '인산철1200A / 태양광800W / 무시동히터 / 바닥난방 / 냉장고 / 전자레인지 / 스마트TV', '세부사항', 400000, '2023-01-16'),
	(8, 1, '쌍용 렉스턴스포츠칸', '캠핑카 7호', '경기 허 0007', '5~6인 취침', '어쩌구 저쩌구', '어쩌구 저쩌구', 300000, '2023-01-18');
/*!40000 ALTER TABLE `car` ENABLE KEYS */;

-- 테이블 campingcar.rent 구조 내보내기
CREATE TABLE IF NOT EXISTS `rent` (
  `rent_id` int NOT NULL AUTO_INCREMENT,
  `car_regid` int NOT NULL,
  `user_id` varchar(50) CHARACTER SET utf8mb3 COLLATE utf8mb3_general_ci NOT NULL,
  `rent_phone1` varchar(50) CHARACTER SET utf8mb3 COLLATE utf8mb3_general_ci NOT NULL,
  `rent_phone2` varchar(50) DEFAULT NULL,
  `rent_startdate` date NOT NULL,
  `rent_enddate` date NOT NULL,
  `rent_option1` tinyint NOT NULL DEFAULT '0',
  `rent_option2` tinyint NOT NULL DEFAULT '0',
  `rent_price` int NOT NULL,
  `rent_paytype` tinyint NOT NULL DEFAULT '0',
  `rent_paystate` tinyint NOT NULL DEFAULT '0',
  `rent_state` tinyint NOT NULL DEFAULT '0',
  `rent_memo` text,
  PRIMARY KEY (`rent_id`),
  KEY `FK_car_regid` (`car_regid`),
  CONSTRAINT `FK_car_regid` FOREIGN KEY (`car_regid`) REFERENCES `car` (`car_regid`)
) ENGINE=InnoDB AUTO_INCREMENT=13 DEFAULT CHARSET=utf8mb3;

-- 테이블 데이터 campingcar.rent:~12 rows (대략적) 내보내기
/*!40000 ALTER TABLE `rent` DISABLE KEYS */;
INSERT INTO `rent` (`rent_id`, `car_regid`, `user_id`, `rent_phone1`, `rent_phone2`, `rent_startdate`, `rent_enddate`, `rent_option1`, `rent_option2`, `rent_price`, `rent_paytype`, `rent_paystate`, `rent_state`, `rent_memo`) VALUES
	(1, 1, 'user00', '01011112222', NULL, '2023-01-16', '2023-01-20', 0, 0, 1000000, 0, 3, 0, '예약 세부내용'),
	(2, 1, 'user01', '01022223333', NULL, '2023-01-20', '2023-01-21', 0, 0, 200000, 0, 3, 0, '예약 세부내용'),
	(3, 3, 'user00', '01022223333', '01022223334', '2023-01-16', '2023-01-17', 0, 0, 200000, 0, 3, 0, '예약 세부내용'),
	(4, 2, 'user00', '01022223333', '01022223334', '2023-01-16', '2023-01-17', 0, 0, 200000, 0, 3, 0, '예약 세부내용'),
	(5, 5, 'user01', '01022223333', '01022223334', '2023-01-16', '2023-01-17', 0, 0, 200000, 0, 2, 0, '예약 세부내용'),
	(6, 4, 'user00', '01022223333', '01022223334', '2023-01-16', '2023-01-17', 0, 0, 200000, 0, 2, 0, '예약 세부내용'),
	(7, 3, 'user01', '01022223333', '01022223334', '2023-01-16', '2023-01-17', 0, 0, 200000, 0, 2, 0, '예약 세부내용'),
	(8, 1, 'user01', '01011112222', '01022223333', '2023-01-20', '2023-01-21', 1, 1, 100000, 0, 2, 0, '없음'),
	(9, 3, 'user01', '01022223333', '01022223334', '2023-01-17', '2023-01-18', 0, 0, 200000, 0, 1, 0, '예약 세부내용'),
	(10, 2, 'user01', '01011112222', '01022223333', '2023-01-22', '2023-01-25', 1, 1, 600000, 0, 1, 0, '없음'),
	(11, 3, 'user01', '01011112222', '01022223333', '2023-01-22', '2023-01-24', 1, 1, 600000, 0, 0, 0, '없음'),
	(12, 2, 'user01', '01234567899', '01022223333', '2023-01-17', '2023-01-21', 1, 1, 800000, 0, 0, 0, '없음');
/*!40000 ALTER TABLE `rent` ENABLE KEYS */;

-- 테이블 campingcar.test 구조 내보내기
CREATE TABLE IF NOT EXISTS `test` (
  `test_id` int NOT NULL AUTO_INCREMENT,
  `test_subject` varchar(250) NOT NULL,
  `test_content` text CHARACTER SET utf8mb3 COLLATE utf8mb3_general_ci NOT NULL,
  PRIMARY KEY (`test_id`) USING BTREE
) ENGINE=InnoDB AUTO_INCREMENT=4 DEFAULT CHARSET=utf8mb3;

-- 테이블 데이터 campingcar.test:~2 rows (대략적) 내보내기
/*!40000 ALTER TABLE `test` DISABLE KEYS */;
INSERT INTO `test` (`test_id`, `test_subject`, `test_content`) VALUES
	(1, '테스트', '테스트 내용'),
	(2, '테스트', '테스트 내용'),
	(3, '테스트', '테스트 내용');
/*!40000 ALTER TABLE `test` ENABLE KEYS */;

-- 테이블 campingcar.write_free 구조 내보내기
CREATE TABLE IF NOT EXISTS `write_free` (
  `wr_id` int NOT NULL AUTO_INCREMENT,
  `wr_num` int NOT NULL,
  `wr_reply` varchar(10) CHARACTER SET utf8mb3 COLLATE utf8mb3_general_ci DEFAULT NULL,
  `wr_parent` int NOT NULL,
  `wr_is_comment` tinyint NOT NULL DEFAULT '0',
  `ca_name` varchar(255) CHARACTER SET utf8mb3 COLLATE utf8mb3_general_ci DEFAULT NULL,
  `wr_subject` varchar(255) CHARACTER SET utf8mb3 COLLATE utf8mb3_general_ci NOT NULL,
  `wr_content` text CHARACTER SET utf8mb3 COLLATE utf8mb3_general_ci NOT NULL,
  `wr_link1` text,
  `wr_link2` text,
  `wr_hit` int NOT NULL DEFAULT '0',
  `mb_id` varchar(255) CHARACTER SET utf8mb3 COLLATE utf8mb3_general_ci DEFAULT NULL,
  `wr_name` varchar(255) CHARACTER SET utf8mb3 COLLATE utf8mb3_general_ci NOT NULL,
  `wr_password` varchar(255) DEFAULT NULL,
  `wr_datetime` datetime NOT NULL,
  `wr_last` datetime NOT NULL,
  `wr_ip` varchar(255) DEFAULT '',
  PRIMARY KEY (`wr_id`),
  KEY `wr_num` (`wr_num`),
  KEY `wr_reply` (`wr_reply`),
  KEY `wr_parent` (`wr_parent`),
  KEY `wr_is_comment` (`wr_is_comment`)
) ENGINE=InnoDB AUTO_INCREMENT=505 DEFAULT CHARSET=utf8mb3;

-- 테이블 데이터 campingcar.write_free:~0 rows (대략적) 내보내기
/*!40000 ALTER TABLE `write_free` DISABLE KEYS */;
INSERT INTO `write_free` (`wr_id`, `wr_num`, `wr_reply`, `wr_parent`, `wr_is_comment`, `ca_name`, `wr_subject`, `wr_content`, `wr_link1`, `wr_link2`, `wr_hit`, `mb_id`, `wr_name`, `wr_password`, `wr_datetime`, `wr_last`, `wr_ip`) VALUES
	(1, -1, NULL, 1, 0, '카테고리', '제목 테스트', '내용', '링크1', '링크2', 0, NULL, '작성자00', '0000', '2023-01-20 10:26:37', '2023-01-20 10:26:38', '111'),
	(2, -2, NULL, 1, 0, '카테고리', '제목 테스트', '내용', '링크1', '링크2', 0, NULL, '작성자00', '0000', '2023-01-20 10:26:37', '2023-01-20 10:26:38', '111'),
	(3, -3, NULL, 1, 0, '카테고리', '제목 테스트', '내용', '링크1', '링크2', 0, NULL, '작성자00', '0000', '2023-01-20 10:26:37', '2023-01-20 10:26:38', '111'),
	(4, -1, NULL, 1, 0, '카테고리', '제목 테스트', '내용', '링크1', '링크2', 0, NULL, '작성자00', '0000', '2023-01-20 10:26:37', '2023-01-20 10:26:38', '111'),
	(5, -2, NULL, 1, 0, '카테고리', '제목 테스트', '내용', '링크1', '링크2', 0, NULL, '작성자00', '0000', '2023-01-20 10:26:37', '2023-01-20 10:26:38', '111'),
	(6, -3, NULL, 1, 0, '카테고리', '제목 테스트', '내용', '링크1', '링크2', 0, NULL, '작성자00', '0000', '2023-01-20 10:26:37', '2023-01-20 10:26:38', '111'),
	(7, -1, NULL, 1, 0, '카테고리', '제목 테스트', '내용', '링크1', '링크2', 0, NULL, '작성자00', '0000', '2023-01-20 10:26:37', '2023-01-20 10:26:38', '111'),
	(8, -2, NULL, 1, 0, '카테고리', '제목 테스트', '내용', '링크1', '링크2', 0, NULL, '작성자00', '0000', '2023-01-20 10:26:37', '2023-01-20 10:26:38', '111'),
	(9, -3, NULL, 1, 0, '카테고리', '제목 테스트', '내용', '링크1', '링크2', 0, NULL, '작성자00', '0000', '2023-01-20 10:26:37', '2023-01-20 10:26:38', '111'),
	(10, -1, NULL, 1, 0, '카테고리', '제목 테스트', '내용', '링크1', '링크2', 0, NULL, '작성자00', '0000', '2023-01-20 10:26:37', '2023-01-20 10:26:38', '111'),
	(11, -2, NULL, 1, 0, '카테고리', '제목 테스트', '내용', '링크1', '링크2', 0, NULL, '작성자00', '0000', '2023-01-20 10:26:37', '2023-01-20 10:26:38', '111'),
	(12, -3, NULL, 1, 0, '카테고리', '제목 테스트', '내용', '링크1', '링크2', 0, NULL, '작성자00', '0000', '2023-01-20 10:26:37', '2023-01-20 10:26:38', '111'),
	(14, -1, NULL, 1, 0, '카테고리', '제목 테스트', '내용', '링크1', '링크2', 0, NULL, '작성자00', '0000', '2023-01-20 10:26:37', '2023-01-20 10:26:38', '111'),
	(15, -2, NULL, 1, 0, '카테고리', '제목 테스트', '내용', '링크1', '링크2', 0, NULL, '작성자00', '0000', '2023-01-20 10:26:37', '2023-01-20 10:26:38', '111'),
	(16, -3, NULL, 1, 0, '카테고리', '제목 테스트', '내용', '링크1', '링크2', 0, NULL, '작성자00', '0000', '2023-01-20 10:26:37', '2023-01-20 10:26:38', '111'),
	(17, -1, NULL, 1, 0, '카테고리', '제목 테스트', '내용', '링크1', '링크2', 0, NULL, '작성자00', '0000', '2023-01-20 10:26:37', '2023-01-20 10:26:38', '111'),
	(18, -2, NULL, 1, 0, '카테고리', '제목 테스트', '내용', '링크1', '링크2', 0, NULL, '작성자00', '0000', '2023-01-20 10:26:37', '2023-01-20 10:26:38', '111'),
	(19, -3, NULL, 1, 0, '카테고리', '제목 테스트', '내용', '링크1', '링크2', 0, NULL, '작성자00', '0000', '2023-01-20 10:26:37', '2023-01-20 10:26:38', '111'),
	(20, -1, NULL, 1, 0, '카테고리', '제목 테스트', '내용', '링크1', '링크2', 0, NULL, '작성자00', '0000', '2023-01-20 10:26:37', '2023-01-20 10:26:38', '111'),
	(21, -2, NULL, 1, 0, '카테고리', '제목 테스트', '내용', '링크1', '링크2', 0, NULL, '작성자00', '0000', '2023-01-20 10:26:37', '2023-01-20 10:26:38', '111'),
	(22, -3, NULL, 1, 0, '카테고리', '제목 테스트', '내용', '링크1', '링크2', 0, NULL, '작성자00', '0000', '2023-01-20 10:26:37', '2023-01-20 10:26:38', '111'),
	(23, -1, NULL, 1, 0, '카테고리', '제목 테스트', '내용', '링크1', '링크2', 0, NULL, '작성자00', '0000', '2023-01-20 10:26:37', '2023-01-20 10:26:38', '111'),
	(24, -2, NULL, 1, 0, '카테고리', '제목 테스트', '내용', '링크1', '링크2', 0, NULL, '작성자00', '0000', '2023-01-20 10:26:37', '2023-01-20 10:26:38', '111'),
	(25, -3, NULL, 1, 0, '카테고리', '제목 테스트', '내용', '링크1', '링크2', 0, NULL, '작성자00', '0000', '2023-01-20 10:26:37', '2023-01-20 10:26:38', '111'),
	(29, -1, NULL, 1, 0, '카테고리', '제목 테스트', '내용', '링크1', '링크2', 0, NULL, '작성자00', '0000', '2023-01-20 10:26:37', '2023-01-20 10:26:38', '111'),
	(30, -2, NULL, 1, 0, '카테고리', '제목 테스트', '내용', '링크1', '링크2', 0, NULL, '작성자00', '0000', '2023-01-20 10:26:37', '2023-01-20 10:26:38', '111'),
	(31, -3, NULL, 1, 0, '카테고리', '제목 테스트', '내용', '링크1', '링크2', 0, NULL, '작성자00', '0000', '2023-01-20 10:26:37', '2023-01-20 10:26:38', '111'),
	(32, -1, NULL, 1, 0, '카테고리', '제목 테스트', '내용', '링크1', '링크2', 0, NULL, '작성자00', '0000', '2023-01-20 10:26:37', '2023-01-20 10:26:38', '111'),
	(33, -2, NULL, 1, 0, '카테고리', '제목 테스트', '내용', '링크1', '링크2', 0, NULL, '작성자00', '0000', '2023-01-20 10:26:37', '2023-01-20 10:26:38', '111'),
	(34, -3, NULL, 1, 0, '카테고리', '제목 테스트', '내용', '링크1', '링크2', 0, NULL, '작성자00', '0000', '2023-01-20 10:26:37', '2023-01-20 10:26:38', '111'),
	(35, -1, NULL, 1, 0, '카테고리', '제목 테스트', '내용', '링크1', '링크2', 0, NULL, '작성자00', '0000', '2023-01-20 10:26:37', '2023-01-20 10:26:38', '111'),
	(36, -2, NULL, 1, 0, '카테고리', '제목 테스트', '내용', '링크1', '링크2', 0, NULL, '작성자00', '0000', '2023-01-20 10:26:37', '2023-01-20 10:26:38', '111'),
	(37, -3, NULL, 1, 0, '카테고리', '제목 테스트', '내용', '링크1', '링크2', 0, NULL, '작성자00', '0000', '2023-01-20 10:26:37', '2023-01-20 10:26:38', '111'),
	(38, -1, NULL, 1, 0, '카테고리', '제목 테스트', '내용', '링크1', '링크2', 0, NULL, '작성자00', '0000', '2023-01-20 10:26:37', '2023-01-20 10:26:38', '111'),
	(39, -2, NULL, 1, 0, '카테고리', '제목 테스트', '내용', '링크1', '링크2', 0, NULL, '작성자00', '0000', '2023-01-20 10:26:37', '2023-01-20 10:26:38', '111'),
	(40, -3, NULL, 1, 0, '카테고리', '제목 테스트', '내용', '링크1', '링크2', 0, NULL, '작성자00', '0000', '2023-01-20 10:26:37', '2023-01-20 10:26:38', '111'),
	(41, -1, NULL, 1, 0, '카테고리', '제목 테스트', '내용', '링크1', '링크2', 0, NULL, '작성자00', '0000', '2023-01-20 10:26:37', '2023-01-20 10:26:38', '111'),
	(42, -2, NULL, 1, 0, '카테고리', '제목 테스트', '내용', '링크1', '링크2', 0, NULL, '작성자00', '0000', '2023-01-20 10:26:37', '2023-01-20 10:26:38', '111'),
	(43, -3, NULL, 1, 0, '카테고리', '제목 테스트', '내용', '링크1', '링크2', 0, NULL, '작성자00', '0000', '2023-01-20 10:26:37', '2023-01-20 10:26:38', '111'),
	(44, -1, NULL, 1, 0, '카테고리', '제목 테스트', '내용', '링크1', '링크2', 0, NULL, '작성자00', '0000', '2023-01-20 10:26:37', '2023-01-20 10:26:38', '111'),
	(45, -2, NULL, 1, 0, '카테고리', '제목 테스트', '내용', '링크1', '링크2', 0, NULL, '작성자00', '0000', '2023-01-20 10:26:37', '2023-01-20 10:26:38', '111'),
	(46, -3, NULL, 1, 0, '카테고리', '제목 테스트', '내용', '링크1', '링크2', 0, NULL, '작성자00', '0000', '2023-01-20 10:26:37', '2023-01-20 10:26:38', '111'),
	(47, -1, NULL, 1, 0, '카테고리', '제목 테스트', '내용', '링크1', '링크2', 0, NULL, '작성자00', '0000', '2023-01-20 10:26:37', '2023-01-20 10:26:38', '111'),
	(48, -2, NULL, 1, 0, '카테고리', '제목 테스트', '내용', '링크1', '링크2', 0, NULL, '작성자00', '0000', '2023-01-20 10:26:37', '2023-01-20 10:26:38', '111'),
	(49, -3, NULL, 1, 0, '카테고리', '제목 테스트', '내용', '링크1', '링크2', 0, NULL, '작성자00', '0000', '2023-01-20 10:26:37', '2023-01-20 10:26:38', '111'),
	(50, -1, NULL, 1, 0, '카테고리', '제목 테스트', '내용', '링크1', '링크2', 0, NULL, '작성자00', '0000', '2023-01-20 10:26:37', '2023-01-20 10:26:38', '111'),
	(51, -2, NULL, 1, 0, '카테고리', '제목 테스트', '내용', '링크1', '링크2', 0, NULL, '작성자00', '0000', '2023-01-20 10:26:37', '2023-01-20 10:26:38', '111'),
	(52, -3, NULL, 1, 0, '카테고리', '제목 테스트', '내용', '링크1', '링크2', 0, NULL, '작성자00', '0000', '2023-01-20 10:26:37', '2023-01-20 10:26:38', '111'),
	(60, -1, NULL, 1, 0, '카테고리', '제목 테스트', '내용', '링크1', '링크2', 0, NULL, '작성자00', '0000', '2023-01-20 10:26:37', '2023-01-20 10:26:38', '111'),
	(61, -2, NULL, 1, 0, '카테고리', '제목 테스트', '내용', '링크1', '링크2', 0, NULL, '작성자00', '0000', '2023-01-20 10:26:37', '2023-01-20 10:26:38', '111'),
	(62, -3, NULL, 1, 0, '카테고리', '제목 테스트', '내용', '링크1', '링크2', 0, NULL, '작성자00', '0000', '2023-01-20 10:26:37', '2023-01-20 10:26:38', '111'),
	(63, -1, NULL, 1, 0, '카테고리', '제목 테스트', '내용', '링크1', '링크2', 0, NULL, '작성자00', '0000', '2023-01-20 10:26:37', '2023-01-20 10:26:38', '111'),
	(64, -2, NULL, 1, 0, '카테고리', '제목 테스트', '내용', '링크1', '링크2', 0, NULL, '작성자00', '0000', '2023-01-20 10:26:37', '2023-01-20 10:26:38', '111'),
	(65, -3, NULL, 1, 0, '카테고리', '제목 테스트', '내용', '링크1', '링크2', 0, NULL, '작성자00', '0000', '2023-01-20 10:26:37', '2023-01-20 10:26:38', '111'),
	(66, -1, NULL, 1, 0, '카테고리', '제목 테스트', '내용', '링크1', '링크2', 0, NULL, '작성자00', '0000', '2023-01-20 10:26:37', '2023-01-20 10:26:38', '111'),
	(67, -2, NULL, 1, 0, '카테고리', '제목 테스트', '내용', '링크1', '링크2', 0, NULL, '작성자00', '0000', '2023-01-20 10:26:37', '2023-01-20 10:26:38', '111'),
	(68, -3, NULL, 1, 0, '카테고리', '제목 테스트', '내용', '링크1', '링크2', 0, NULL, '작성자00', '0000', '2023-01-20 10:26:37', '2023-01-20 10:26:38', '111'),
	(69, -1, NULL, 1, 0, '카테고리', '제목 테스트', '내용', '링크1', '링크2', 0, NULL, '작성자00', '0000', '2023-01-20 10:26:37', '2023-01-20 10:26:38', '111'),
	(70, -2, NULL, 1, 0, '카테고리', '제목 테스트', '내용', '링크1', '링크2', 0, NULL, '작성자00', '0000', '2023-01-20 10:26:37', '2023-01-20 10:26:38', '111'),
	(71, -3, NULL, 1, 0, '카테고리', '제목 테스트', '내용', '링크1', '링크2', 0, NULL, '작성자00', '0000', '2023-01-20 10:26:37', '2023-01-20 10:26:38', '111'),
	(72, -1, NULL, 1, 0, '카테고리', '제목 테스트', '내용', '링크1', '링크2', 0, NULL, '작성자00', '0000', '2023-01-20 10:26:37', '2023-01-20 10:26:38', '111'),
	(73, -2, NULL, 1, 0, '카테고리', '제목 테스트', '내용', '링크1', '링크2', 0, NULL, '작성자00', '0000', '2023-01-20 10:26:37', '2023-01-20 10:26:38', '111'),
	(74, -3, NULL, 1, 0, '카테고리', '제목 테스트', '내용', '링크1', '링크2', 0, NULL, '작성자00', '0000', '2023-01-20 10:26:37', '2023-01-20 10:26:38', '111'),
	(75, -1, NULL, 1, 0, '카테고리', '제목 테스트', '내용', '링크1', '링크2', 0, NULL, '작성자00', '0000', '2023-01-20 10:26:37', '2023-01-20 10:26:38', '111'),
	(76, -2, NULL, 1, 0, '카테고리', '제목 테스트', '내용', '링크1', '링크2', 0, NULL, '작성자00', '0000', '2023-01-20 10:26:37', '2023-01-20 10:26:38', '111'),
	(77, -3, NULL, 1, 0, '카테고리', '제목 테스트', '내용', '링크1', '링크2', 0, NULL, '작성자00', '0000', '2023-01-20 10:26:37', '2023-01-20 10:26:38', '111'),
	(78, -1, NULL, 1, 0, '카테고리', '제목 테스트', '내용', '링크1', '링크2', 0, NULL, '작성자00', '0000', '2023-01-20 10:26:37', '2023-01-20 10:26:38', '111'),
	(79, -2, NULL, 1, 0, '카테고리', '제목 테스트', '내용', '링크1', '링크2', 0, NULL, '작성자00', '0000', '2023-01-20 10:26:37', '2023-01-20 10:26:38', '111'),
	(80, -3, NULL, 1, 0, '카테고리', '제목 테스트', '내용', '링크1', '링크2', 0, NULL, '작성자00', '0000', '2023-01-20 10:26:37', '2023-01-20 10:26:38', '111'),
	(81, -1, NULL, 1, 0, '카테고리', '제목 테스트', '내용', '링크1', '링크2', 0, NULL, '작성자00', '0000', '2023-01-20 10:26:37', '2023-01-20 10:26:38', '111'),
	(82, -2, NULL, 1, 0, '카테고리', '제목 테스트', '내용', '링크1', '링크2', 0, NULL, '작성자00', '0000', '2023-01-20 10:26:37', '2023-01-20 10:26:38', '111'),
	(83, -3, NULL, 1, 0, '카테고리', '제목 테스트', '내용', '링크1', '링크2', 0, NULL, '작성자00', '0000', '2023-01-20 10:26:37', '2023-01-20 10:26:38', '111'),
	(84, -1, NULL, 1, 0, '카테고리', '제목 테스트', '내용', '링크1', '링크2', 0, NULL, '작성자00', '0000', '2023-01-20 10:26:37', '2023-01-20 10:26:38', '111'),
	(85, -2, NULL, 1, 0, '카테고리', '제목 테스트', '내용', '링크1', '링크2', 0, NULL, '작성자00', '0000', '2023-01-20 10:26:37', '2023-01-20 10:26:38', '111'),
	(86, -3, NULL, 1, 0, '카테고리', '제목 테스트', '내용', '링크1', '링크2', 0, NULL, '작성자00', '0000', '2023-01-20 10:26:37', '2023-01-20 10:26:38', '111'),
	(87, -1, NULL, 1, 0, '카테고리', '제목 테스트', '내용', '링크1', '링크2', 0, NULL, '작성자00', '0000', '2023-01-20 10:26:37', '2023-01-20 10:26:38', '111'),
	(88, -2, NULL, 1, 0, '카테고리', '제목 테스트', '내용', '링크1', '링크2', 0, NULL, '작성자00', '0000', '2023-01-20 10:26:37', '2023-01-20 10:26:38', '111'),
	(89, -3, NULL, 1, 0, '카테고리', '제목 테스트', '내용', '링크1', '링크2', 0, NULL, '작성자00', '0000', '2023-01-20 10:26:37', '2023-01-20 10:26:38', '111'),
	(90, -1, NULL, 1, 0, '카테고리', '제목 테스트', '내용', '링크1', '링크2', 0, NULL, '작성자00', '0000', '2023-01-20 10:26:37', '2023-01-20 10:26:38', '111'),
	(91, -2, NULL, 1, 0, '카테고리', '제목 테스트', '내용', '링크1', '링크2', 0, NULL, '작성자00', '0000', '2023-01-20 10:26:37', '2023-01-20 10:26:38', '111'),
	(92, -3, NULL, 1, 0, '카테고리', '제목 테스트', '내용', '링크1', '링크2', 0, NULL, '작성자00', '0000', '2023-01-20 10:26:37', '2023-01-20 10:26:38', '111'),
	(93, -1, NULL, 1, 0, '카테고리', '제목 테스트', '내용', '링크1', '링크2', 0, NULL, '작성자00', '0000', '2023-01-20 10:26:37', '2023-01-20 10:26:38', '111'),
	(94, -2, NULL, 1, 0, '카테고리', '제목 테스트', '내용', '링크1', '링크2', 0, NULL, '작성자00', '0000', '2023-01-20 10:26:37', '2023-01-20 10:26:38', '111'),
	(95, -3, NULL, 1, 0, '카테고리', '제목 테스트', '내용', '링크1', '링크2', 0, NULL, '작성자00', '0000', '2023-01-20 10:26:37', '2023-01-20 10:26:38', '111'),
	(96, -1, NULL, 1, 0, '카테고리', '제목 테스트', '내용', '링크1', '링크2', 0, NULL, '작성자00', '0000', '2023-01-20 10:26:37', '2023-01-20 10:26:38', '111'),
	(97, -2, NULL, 1, 0, '카테고리', '제목 테스트', '내용', '링크1', '링크2', 0, NULL, '작성자00', '0000', '2023-01-20 10:26:37', '2023-01-20 10:26:38', '111'),
	(98, -3, NULL, 1, 0, '카테고리', '제목 테스트', '내용', '링크1', '링크2', 0, NULL, '작성자00', '0000', '2023-01-20 10:26:37', '2023-01-20 10:26:38', '111'),
	(99, -1, NULL, 1, 0, '카테고리', '제목 테스트', '내용', '링크1', '링크2', 0, NULL, '작성자00', '0000', '2023-01-20 10:26:37', '2023-01-20 10:26:38', '111'),
	(100, -2, NULL, 1, 0, '카테고리', '제목 테스트', '내용', '링크1', '링크2', 0, NULL, '작성자00', '0000', '2023-01-20 10:26:37', '2023-01-20 10:26:38', '111'),
	(101, -3, NULL, 1, 0, '카테고리', '제목 테스트', '내용', '링크1', '링크2', 0, NULL, '작성자00', '0000', '2023-01-20 10:26:37', '2023-01-20 10:26:38', '111'),
	(102, -1, NULL, 1, 0, '카테고리', '제목 테스트', '내용', '링크1', '링크2', 0, NULL, '작성자00', '0000', '2023-01-20 10:26:37', '2023-01-20 10:26:38', '111'),
	(103, -2, NULL, 1, 0, '카테고리', '제목 테스트', '내용', '링크1', '링크2', 0, NULL, '작성자00', '0000', '2023-01-20 10:26:37', '2023-01-20 10:26:38', '111'),
	(104, -3, NULL, 1, 0, '카테고리', '제목 테스트', '내용', '링크1', '링크2', 0, NULL, '작성자00', '0000', '2023-01-20 10:26:37', '2023-01-20 10:26:38', '111'),
	(105, -1, NULL, 1, 0, '카테고리', '제목 테스트', '내용', '링크1', '링크2', 0, NULL, '작성자00', '0000', '2023-01-20 10:26:37', '2023-01-20 10:26:38', '111'),
	(106, -2, NULL, 1, 0, '카테고리', '제목 테스트', '내용', '링크1', '링크2', 0, NULL, '작성자00', '0000', '2023-01-20 10:26:37', '2023-01-20 10:26:38', '111'),
	(107, -3, NULL, 1, 0, '카테고리', '제목 테스트', '내용', '링크1', '링크2', 0, NULL, '작성자00', '0000', '2023-01-20 10:26:37', '2023-01-20 10:26:38', '111'),
	(123, -1, NULL, 1, 0, '카테고리', '제목 테스트', '내용', '링크1', '링크2', 0, NULL, '작성자00', '0000', '2023-01-20 10:26:37', '2023-01-20 10:26:38', '111'),
	(124, -2, NULL, 1, 0, '카테고리', '제목 테스트', '내용', '링크1', '링크2', 0, NULL, '작성자00', '0000', '2023-01-20 10:26:37', '2023-01-20 10:26:38', '111'),
	(125, -3, NULL, 1, 0, '카테고리', '제목 테스트', '내용', '링크1', '링크2', 0, NULL, '작성자00', '0000', '2023-01-20 10:26:37', '2023-01-20 10:26:38', '111'),
	(126, -1, NULL, 1, 0, '카테고리', '제목 테스트', '내용', '링크1', '링크2', 0, NULL, '작성자00', '0000', '2023-01-20 10:26:37', '2023-01-20 10:26:38', '111'),
	(127, -2, NULL, 1, 0, '카테고리', '제목 테스트', '내용', '링크1', '링크2', 0, NULL, '작성자00', '0000', '2023-01-20 10:26:37', '2023-01-20 10:26:38', '111'),
	(128, -3, NULL, 1, 0, '카테고리', '제목 테스트', '내용', '링크1', '링크2', 0, NULL, '작성자00', '0000', '2023-01-20 10:26:37', '2023-01-20 10:26:38', '111'),
	(129, -1, NULL, 1, 0, '카테고리', '제목 테스트', '내용', '링크1', '링크2', 0, NULL, '작성자00', '0000', '2023-01-20 10:26:37', '2023-01-20 10:26:38', '111'),
	(130, -2, NULL, 1, 0, '카테고리', '제목 테스트', '내용', '링크1', '링크2', 0, NULL, '작성자00', '0000', '2023-01-20 10:26:37', '2023-01-20 10:26:38', '111'),
	(131, -3, NULL, 1, 0, '카테고리', '제목 테스트', '내용', '링크1', '링크2', 0, NULL, '작성자00', '0000', '2023-01-20 10:26:37', '2023-01-20 10:26:38', '111'),
	(132, -1, NULL, 1, 0, '카테고리', '제목 테스트', '내용', '링크1', '링크2', 0, NULL, '작성자00', '0000', '2023-01-20 10:26:37', '2023-01-20 10:26:38', '111'),
	(133, -2, NULL, 1, 0, '카테고리', '제목 테스트', '내용', '링크1', '링크2', 0, NULL, '작성자00', '0000', '2023-01-20 10:26:37', '2023-01-20 10:26:38', '111'),
	(134, -3, NULL, 1, 0, '카테고리', '제목 테스트', '내용', '링크1', '링크2', 0, NULL, '작성자00', '0000', '2023-01-20 10:26:37', '2023-01-20 10:26:38', '111'),
	(135, -1, NULL, 1, 0, '카테고리', '제목 테스트', '내용', '링크1', '링크2', 0, NULL, '작성자00', '0000', '2023-01-20 10:26:37', '2023-01-20 10:26:38', '111'),
	(136, -2, NULL, 1, 0, '카테고리', '제목 테스트', '내용', '링크1', '링크2', 0, NULL, '작성자00', '0000', '2023-01-20 10:26:37', '2023-01-20 10:26:38', '111'),
	(137, -3, NULL, 1, 0, '카테고리', '제목 테스트', '내용', '링크1', '링크2', 0, NULL, '작성자00', '0000', '2023-01-20 10:26:37', '2023-01-20 10:26:38', '111'),
	(138, -1, NULL, 1, 0, '카테고리', '제목 테스트', '내용', '링크1', '링크2', 0, NULL, '작성자00', '0000', '2023-01-20 10:26:37', '2023-01-20 10:26:38', '111'),
	(139, -2, NULL, 1, 0, '카테고리', '제목 테스트', '내용', '링크1', '링크2', 0, NULL, '작성자00', '0000', '2023-01-20 10:26:37', '2023-01-20 10:26:38', '111'),
	(140, -3, NULL, 1, 0, '카테고리', '제목 테스트', '내용', '링크1', '링크2', 0, NULL, '작성자00', '0000', '2023-01-20 10:26:37', '2023-01-20 10:26:38', '111'),
	(141, -1, NULL, 1, 0, '카테고리', '제목 테스트', '내용', '링크1', '링크2', 0, NULL, '작성자00', '0000', '2023-01-20 10:26:37', '2023-01-20 10:26:38', '111'),
	(142, -2, NULL, 1, 0, '카테고리', '제목 테스트', '내용', '링크1', '링크2', 0, NULL, '작성자00', '0000', '2023-01-20 10:26:37', '2023-01-20 10:26:38', '111'),
	(143, -3, NULL, 1, 0, '카테고리', '제목 테스트', '내용', '링크1', '링크2', 0, NULL, '작성자00', '0000', '2023-01-20 10:26:37', '2023-01-20 10:26:38', '111'),
	(144, -1, NULL, 1, 0, '카테고리', '제목 테스트', '내용', '링크1', '링크2', 0, NULL, '작성자00', '0000', '2023-01-20 10:26:37', '2023-01-20 10:26:38', '111'),
	(145, -2, NULL, 1, 0, '카테고리', '제목 테스트', '내용', '링크1', '링크2', 0, NULL, '작성자00', '0000', '2023-01-20 10:26:37', '2023-01-20 10:26:38', '111'),
	(146, -3, NULL, 1, 0, '카테고리', '제목 테스트', '내용', '링크1', '링크2', 0, NULL, '작성자00', '0000', '2023-01-20 10:26:37', '2023-01-20 10:26:38', '111'),
	(147, -1, NULL, 1, 0, '카테고리', '제목 테스트', '내용', '링크1', '링크2', 0, NULL, '작성자00', '0000', '2023-01-20 10:26:37', '2023-01-20 10:26:38', '111'),
	(148, -2, NULL, 1, 0, '카테고리', '제목 테스트', '내용', '링크1', '링크2', 0, NULL, '작성자00', '0000', '2023-01-20 10:26:37', '2023-01-20 10:26:38', '111'),
	(149, -3, NULL, 1, 0, '카테고리', '제목 테스트', '내용', '링크1', '링크2', 0, NULL, '작성자00', '0000', '2023-01-20 10:26:37', '2023-01-20 10:26:38', '111'),
	(150, -1, NULL, 1, 0, '카테고리', '제목 테스트', '내용', '링크1', '링크2', 0, NULL, '작성자00', '0000', '2023-01-20 10:26:37', '2023-01-20 10:26:38', '111'),
	(151, -2, NULL, 1, 0, '카테고리', '제목 테스트', '내용', '링크1', '링크2', 0, NULL, '작성자00', '0000', '2023-01-20 10:26:37', '2023-01-20 10:26:38', '111'),
	(152, -3, NULL, 1, 0, '카테고리', '제목 테스트', '내용', '링크1', '링크2', 0, NULL, '작성자00', '0000', '2023-01-20 10:26:37', '2023-01-20 10:26:38', '111'),
	(153, -1, NULL, 1, 0, '카테고리', '제목 테스트', '내용', '링크1', '링크2', 0, NULL, '작성자00', '0000', '2023-01-20 10:26:37', '2023-01-20 10:26:38', '111'),
	(154, -2, NULL, 1, 0, '카테고리', '제목 테스트', '내용', '링크1', '링크2', 0, NULL, '작성자00', '0000', '2023-01-20 10:26:37', '2023-01-20 10:26:38', '111'),
	(155, -3, NULL, 1, 0, '카테고리', '제목 테스트', '내용', '링크1', '링크2', 0, NULL, '작성자00', '0000', '2023-01-20 10:26:37', '2023-01-20 10:26:38', '111'),
	(156, -1, NULL, 1, 0, '카테고리', '제목 테스트', '내용', '링크1', '링크2', 0, NULL, '작성자00', '0000', '2023-01-20 10:26:37', '2023-01-20 10:26:38', '111'),
	(157, -2, NULL, 1, 0, '카테고리', '제목 테스트', '내용', '링크1', '링크2', 0, NULL, '작성자00', '0000', '2023-01-20 10:26:37', '2023-01-20 10:26:38', '111'),
	(158, -3, NULL, 1, 0, '카테고리', '제목 테스트', '내용', '링크1', '링크2', 0, NULL, '작성자00', '0000', '2023-01-20 10:26:37', '2023-01-20 10:26:38', '111'),
	(159, -1, NULL, 1, 0, '카테고리', '제목 테스트', '내용', '링크1', '링크2', 0, NULL, '작성자00', '0000', '2023-01-20 10:26:37', '2023-01-20 10:26:38', '111'),
	(160, -2, NULL, 1, 0, '카테고리', '제목 테스트', '내용', '링크1', '링크2', 0, NULL, '작성자00', '0000', '2023-01-20 10:26:37', '2023-01-20 10:26:38', '111'),
	(161, -3, NULL, 1, 0, '카테고리', '제목 테스트', '내용', '링크1', '링크2', 0, NULL, '작성자00', '0000', '2023-01-20 10:26:37', '2023-01-20 10:26:38', '111'),
	(162, -1, NULL, 1, 0, '카테고리', '제목 테스트', '내용', '링크1', '링크2', 0, NULL, '작성자00', '0000', '2023-01-20 10:26:37', '2023-01-20 10:26:38', '111'),
	(163, -2, NULL, 1, 0, '카테고리', '제목 테스트', '내용', '링크1', '링크2', 0, NULL, '작성자00', '0000', '2023-01-20 10:26:37', '2023-01-20 10:26:38', '111'),
	(164, -3, NULL, 1, 0, '카테고리', '제목 테스트', '내용', '링크1', '링크2', 0, NULL, '작성자00', '0000', '2023-01-20 10:26:37', '2023-01-20 10:26:38', '111'),
	(165, -1, NULL, 1, 0, '카테고리', '제목 테스트', '내용', '링크1', '링크2', 0, NULL, '작성자00', '0000', '2023-01-20 10:26:37', '2023-01-20 10:26:38', '111'),
	(166, -2, NULL, 1, 0, '카테고리', '제목 테스트', '내용', '링크1', '링크2', 0, NULL, '작성자00', '0000', '2023-01-20 10:26:37', '2023-01-20 10:26:38', '111'),
	(167, -3, NULL, 1, 0, '카테고리', '제목 테스트', '내용', '링크1', '링크2', 0, NULL, '작성자00', '0000', '2023-01-20 10:26:37', '2023-01-20 10:26:38', '111'),
	(168, -1, NULL, 1, 0, '카테고리', '제목 테스트', '내용', '링크1', '링크2', 0, NULL, '작성자00', '0000', '2023-01-20 10:26:37', '2023-01-20 10:26:38', '111'),
	(169, -2, NULL, 1, 0, '카테고리', '제목 테스트', '내용', '링크1', '링크2', 0, NULL, '작성자00', '0000', '2023-01-20 10:26:37', '2023-01-20 10:26:38', '111'),
	(170, -3, NULL, 1, 0, '카테고리', '제목 테스트', '내용', '링크1', '링크2', 0, NULL, '작성자00', '0000', '2023-01-20 10:26:37', '2023-01-20 10:26:38', '111'),
	(171, -1, NULL, 1, 0, '카테고리', '제목 테스트', '내용', '링크1', '링크2', 0, NULL, '작성자00', '0000', '2023-01-20 10:26:37', '2023-01-20 10:26:38', '111'),
	(172, -2, NULL, 1, 0, '카테고리', '제목 테스트', '내용', '링크1', '링크2', 0, NULL, '작성자00', '0000', '2023-01-20 10:26:37', '2023-01-20 10:26:38', '111'),
	(173, -3, NULL, 1, 0, '카테고리', '제목 테스트', '내용', '링크1', '링크2', 0, NULL, '작성자00', '0000', '2023-01-20 10:26:37', '2023-01-20 10:26:38', '111'),
	(174, -1, NULL, 1, 0, '카테고리', '제목 테스트', '내용', '링크1', '링크2', 0, NULL, '작성자00', '0000', '2023-01-20 10:26:37', '2023-01-20 10:26:38', '111'),
	(175, -2, NULL, 1, 0, '카테고리', '제목 테스트', '내용', '링크1', '링크2', 0, NULL, '작성자00', '0000', '2023-01-20 10:26:37', '2023-01-20 10:26:38', '111'),
	(176, -3, NULL, 1, 0, '카테고리', '제목 테스트', '내용', '링크1', '링크2', 0, NULL, '작성자00', '0000', '2023-01-20 10:26:37', '2023-01-20 10:26:38', '111'),
	(177, -1, NULL, 1, 0, '카테고리', '제목 테스트', '내용', '링크1', '링크2', 0, NULL, '작성자00', '0000', '2023-01-20 10:26:37', '2023-01-20 10:26:38', '111'),
	(178, -2, NULL, 1, 0, '카테고리', '제목 테스트', '내용', '링크1', '링크2', 0, NULL, '작성자00', '0000', '2023-01-20 10:26:37', '2023-01-20 10:26:38', '111'),
	(179, -3, NULL, 1, 0, '카테고리', '제목 테스트', '내용', '링크1', '링크2', 0, NULL, '작성자00', '0000', '2023-01-20 10:26:37', '2023-01-20 10:26:38', '111'),
	(180, -1, NULL, 1, 0, '카테고리', '제목 테스트', '내용', '링크1', '링크2', 0, NULL, '작성자00', '0000', '2023-01-20 10:26:37', '2023-01-20 10:26:38', '111'),
	(181, -2, NULL, 1, 0, '카테고리', '제목 테스트', '내용', '링크1', '링크2', 0, NULL, '작성자00', '0000', '2023-01-20 10:26:37', '2023-01-20 10:26:38', '111'),
	(182, -3, NULL, 1, 0, '카테고리', '제목 테스트', '내용', '링크1', '링크2', 0, NULL, '작성자00', '0000', '2023-01-20 10:26:37', '2023-01-20 10:26:38', '111'),
	(183, -1, NULL, 1, 0, '카테고리', '제목 테스트', '내용', '링크1', '링크2', 0, NULL, '작성자00', '0000', '2023-01-20 10:26:37', '2023-01-20 10:26:38', '111'),
	(184, -2, NULL, 1, 0, '카테고리', '제목 테스트', '내용', '링크1', '링크2', 0, NULL, '작성자00', '0000', '2023-01-20 10:26:37', '2023-01-20 10:26:38', '111'),
	(185, -3, NULL, 1, 0, '카테고리', '제목 테스트', '내용', '링크1', '링크2', 0, NULL, '작성자00', '0000', '2023-01-20 10:26:37', '2023-01-20 10:26:38', '111'),
	(186, -1, NULL, 1, 0, '카테고리', '제목 테스트', '내용', '링크1', '링크2', 0, NULL, '작성자00', '0000', '2023-01-20 10:26:37', '2023-01-20 10:26:38', '111'),
	(187, -2, NULL, 1, 0, '카테고리', '제목 테스트', '내용', '링크1', '링크2', 0, NULL, '작성자00', '0000', '2023-01-20 10:26:37', '2023-01-20 10:26:38', '111'),
	(188, -3, NULL, 1, 0, '카테고리', '제목 테스트', '내용', '링크1', '링크2', 0, NULL, '작성자00', '0000', '2023-01-20 10:26:37', '2023-01-20 10:26:38', '111'),
	(189, -1, NULL, 1, 0, '카테고리', '제목 테스트', '내용', '링크1', '링크2', 0, NULL, '작성자00', '0000', '2023-01-20 10:26:37', '2023-01-20 10:26:38', '111'),
	(190, -2, NULL, 1, 0, '카테고리', '제목 테스트', '내용', '링크1', '링크2', 0, NULL, '작성자00', '0000', '2023-01-20 10:26:37', '2023-01-20 10:26:38', '111'),
	(191, -3, NULL, 1, 0, '카테고리', '제목 테스트', '내용', '링크1', '링크2', 0, NULL, '작성자00', '0000', '2023-01-20 10:26:37', '2023-01-20 10:26:38', '111'),
	(192, -1, NULL, 1, 0, '카테고리', '제목 테스트', '내용', '링크1', '링크2', 0, NULL, '작성자00', '0000', '2023-01-20 10:26:37', '2023-01-20 10:26:38', '111'),
	(193, -2, NULL, 1, 0, '카테고리', '제목 테스트', '내용', '링크1', '링크2', 0, NULL, '작성자00', '0000', '2023-01-20 10:26:37', '2023-01-20 10:26:38', '111'),
	(194, -3, NULL, 1, 0, '카테고리', '제목 테스트', '내용', '링크1', '링크2', 0, NULL, '작성자00', '0000', '2023-01-20 10:26:37', '2023-01-20 10:26:38', '111'),
	(195, -1, NULL, 1, 0, '카테고리', '제목 테스트', '내용', '링크1', '링크2', 0, NULL, '작성자00', '0000', '2023-01-20 10:26:37', '2023-01-20 10:26:38', '111'),
	(196, -2, NULL, 1, 0, '카테고리', '제목 테스트', '내용', '링크1', '링크2', 0, NULL, '작성자00', '0000', '2023-01-20 10:26:37', '2023-01-20 10:26:38', '111'),
	(197, -3, NULL, 1, 0, '카테고리', '제목 테스트', '내용', '링크1', '링크2', 0, NULL, '작성자00', '0000', '2023-01-20 10:26:37', '2023-01-20 10:26:38', '111'),
	(198, -1, NULL, 1, 0, '카테고리', '제목 테스트', '내용', '링크1', '링크2', 0, NULL, '작성자00', '0000', '2023-01-20 10:26:37', '2023-01-20 10:26:38', '111'),
	(199, -2, NULL, 1, 0, '카테고리', '제목 테스트', '내용', '링크1', '링크2', 0, NULL, '작성자00', '0000', '2023-01-20 10:26:37', '2023-01-20 10:26:38', '111'),
	(200, -3, NULL, 1, 0, '카테고리', '제목 테스트', '내용', '링크1', '링크2', 0, NULL, '작성자00', '0000', '2023-01-20 10:26:37', '2023-01-20 10:26:38', '111'),
	(201, -1, NULL, 1, 0, '카테고리', '제목 테스트', '내용', '링크1', '링크2', 0, NULL, '작성자00', '0000', '2023-01-20 10:26:37', '2023-01-20 10:26:38', '111'),
	(202, -2, NULL, 1, 0, '카테고리', '제목 테스트', '내용', '링크1', '링크2', 0, NULL, '작성자00', '0000', '2023-01-20 10:26:37', '2023-01-20 10:26:38', '111'),
	(203, -3, NULL, 1, 0, '카테고리', '제목 테스트', '내용', '링크1', '링크2', 0, NULL, '작성자00', '0000', '2023-01-20 10:26:37', '2023-01-20 10:26:38', '111'),
	(204, -1, NULL, 1, 0, '카테고리', '제목 테스트', '내용', '링크1', '링크2', 0, NULL, '작성자00', '0000', '2023-01-20 10:26:37', '2023-01-20 10:26:38', '111'),
	(205, -2, NULL, 1, 0, '카테고리', '제목 테스트', '내용', '링크1', '링크2', 0, NULL, '작성자00', '0000', '2023-01-20 10:26:37', '2023-01-20 10:26:38', '111'),
	(206, -3, NULL, 1, 0, '카테고리', '제목 테스트', '내용', '링크1', '링크2', 0, NULL, '작성자00', '0000', '2023-01-20 10:26:37', '2023-01-20 10:26:38', '111'),
	(207, -1, NULL, 1, 0, '카테고리', '제목 테스트', '내용', '링크1', '링크2', 0, NULL, '작성자00', '0000', '2023-01-20 10:26:37', '2023-01-20 10:26:38', '111'),
	(208, -2, NULL, 1, 0, '카테고리', '제목 테스트', '내용', '링크1', '링크2', 0, NULL, '작성자00', '0000', '2023-01-20 10:26:37', '2023-01-20 10:26:38', '111'),
	(209, -3, NULL, 1, 0, '카테고리', '제목 테스트', '내용', '링크1', '링크2', 0, NULL, '작성자00', '0000', '2023-01-20 10:26:37', '2023-01-20 10:26:38', '111'),
	(210, -1, NULL, 1, 0, '카테고리', '제목 테스트', '내용', '링크1', '링크2', 0, NULL, '작성자00', '0000', '2023-01-20 10:26:37', '2023-01-20 10:26:38', '111'),
	(211, -2, NULL, 1, 0, '카테고리', '제목 테스트', '내용', '링크1', '링크2', 0, NULL, '작성자00', '0000', '2023-01-20 10:26:37', '2023-01-20 10:26:38', '111'),
	(212, -3, NULL, 1, 0, '카테고리', '제목 테스트', '내용', '링크1', '링크2', 0, NULL, '작성자00', '0000', '2023-01-20 10:26:37', '2023-01-20 10:26:38', '111'),
	(213, -1, NULL, 1, 0, '카테고리', '제목 테스트', '내용', '링크1', '링크2', 0, NULL, '작성자00', '0000', '2023-01-20 10:26:37', '2023-01-20 10:26:38', '111'),
	(214, -2, NULL, 1, 0, '카테고리', '제목 테스트', '내용', '링크1', '링크2', 0, NULL, '작성자00', '0000', '2023-01-20 10:26:37', '2023-01-20 10:26:38', '111'),
	(215, -3, NULL, 1, 0, '카테고리', '제목 테스트', '내용', '링크1', '링크2', 0, NULL, '작성자00', '0000', '2023-01-20 10:26:37', '2023-01-20 10:26:38', '111'),
	(216, -1, NULL, 1, 0, '카테고리', '제목 테스트', '내용', '링크1', '링크2', 0, NULL, '작성자00', '0000', '2023-01-20 10:26:37', '2023-01-20 10:26:38', '111'),
	(217, -2, NULL, 1, 0, '카테고리', '제목 테스트', '내용', '링크1', '링크2', 0, NULL, '작성자00', '0000', '2023-01-20 10:26:37', '2023-01-20 10:26:38', '111'),
	(218, -3, NULL, 1, 0, '카테고리', '제목 테스트', '내용', '링크1', '링크2', 0, NULL, '작성자00', '0000', '2023-01-20 10:26:37', '2023-01-20 10:26:38', '111'),
	(250, -1, NULL, 1, 0, '카테고리', '제목 테스트', '내용', '링크1', '링크2', 0, NULL, '작성자00', '0000', '2023-01-20 10:26:37', '2023-01-20 10:26:38', '111'),
	(251, -2, NULL, 1, 0, '카테고리', '제목 테스트', '내용', '링크1', '링크2', 0, NULL, '작성자00', '0000', '2023-01-20 10:26:37', '2023-01-20 10:26:38', '111'),
	(252, -3, NULL, 1, 0, '카테고리', '제목 테스트', '내용', '링크1', '링크2', 0, NULL, '작성자00', '0000', '2023-01-20 10:26:37', '2023-01-20 10:26:38', '111'),
	(253, -1, NULL, 1, 0, '카테고리', '제목 테스트', '내용', '링크1', '링크2', 0, NULL, '작성자00', '0000', '2023-01-20 10:26:37', '2023-01-20 10:26:38', '111'),
	(254, -2, NULL, 1, 0, '카테고리', '제목 테스트', '내용', '링크1', '링크2', 0, NULL, '작성자00', '0000', '2023-01-20 10:26:37', '2023-01-20 10:26:38', '111'),
	(255, -3, NULL, 1, 0, '카테고리', '제목 테스트', '내용', '링크1', '링크2', 0, NULL, '작성자00', '0000', '2023-01-20 10:26:37', '2023-01-20 10:26:38', '111'),
	(256, -1, NULL, 1, 0, '카테고리', '제목 테스트', '내용', '링크1', '링크2', 0, NULL, '작성자00', '0000', '2023-01-20 10:26:37', '2023-01-20 10:26:38', '111'),
	(257, -2, NULL, 1, 0, '카테고리', '제목 테스트', '내용', '링크1', '링크2', 0, NULL, '작성자00', '0000', '2023-01-20 10:26:37', '2023-01-20 10:26:38', '111'),
	(258, -3, NULL, 1, 0, '카테고리', '제목 테스트', '내용', '링크1', '링크2', 0, NULL, '작성자00', '0000', '2023-01-20 10:26:37', '2023-01-20 10:26:38', '111'),
	(259, -1, NULL, 1, 0, '카테고리', '제목 테스트', '내용', '링크1', '링크2', 0, NULL, '작성자00', '0000', '2023-01-20 10:26:37', '2023-01-20 10:26:38', '111'),
	(260, -2, NULL, 1, 0, '카테고리', '제목 테스트', '내용', '링크1', '링크2', 0, NULL, '작성자00', '0000', '2023-01-20 10:26:37', '2023-01-20 10:26:38', '111'),
	(261, -3, NULL, 1, 0, '카테고리', '제목 테스트', '내용', '링크1', '링크2', 0, NULL, '작성자00', '0000', '2023-01-20 10:26:37', '2023-01-20 10:26:38', '111'),
	(262, -1, NULL, 1, 0, '카테고리', '제목 테스트', '내용', '링크1', '링크2', 0, NULL, '작성자00', '0000', '2023-01-20 10:26:37', '2023-01-20 10:26:38', '111'),
	(263, -2, NULL, 1, 0, '카테고리', '제목 테스트', '내용', '링크1', '링크2', 0, NULL, '작성자00', '0000', '2023-01-20 10:26:37', '2023-01-20 10:26:38', '111'),
	(264, -3, NULL, 1, 0, '카테고리', '제목 테스트', '내용', '링크1', '링크2', 0, NULL, '작성자00', '0000', '2023-01-20 10:26:37', '2023-01-20 10:26:38', '111'),
	(265, -1, NULL, 1, 0, '카테고리', '제목 테스트', '내용', '링크1', '링크2', 0, NULL, '작성자00', '0000', '2023-01-20 10:26:37', '2023-01-20 10:26:38', '111'),
	(266, -2, NULL, 1, 0, '카테고리', '제목 테스트', '내용', '링크1', '링크2', 0, NULL, '작성자00', '0000', '2023-01-20 10:26:37', '2023-01-20 10:26:38', '111'),
	(267, -3, NULL, 1, 0, '카테고리', '제목 테스트', '내용', '링크1', '링크2', 0, NULL, '작성자00', '0000', '2023-01-20 10:26:37', '2023-01-20 10:26:38', '111'),
	(268, -1, NULL, 1, 0, '카테고리', '제목 테스트', '내용', '링크1', '링크2', 0, NULL, '작성자00', '0000', '2023-01-20 10:26:37', '2023-01-20 10:26:38', '111'),
	(269, -2, NULL, 1, 0, '카테고리', '제목 테스트', '내용', '링크1', '링크2', 0, NULL, '작성자00', '0000', '2023-01-20 10:26:37', '2023-01-20 10:26:38', '111'),
	(270, -3, NULL, 1, 0, '카테고리', '제목 테스트', '내용', '링크1', '링크2', 0, NULL, '작성자00', '0000', '2023-01-20 10:26:37', '2023-01-20 10:26:38', '111'),
	(271, -1, NULL, 1, 0, '카테고리', '제목 테스트', '내용', '링크1', '링크2', 0, NULL, '작성자00', '0000', '2023-01-20 10:26:37', '2023-01-20 10:26:38', '111'),
	(272, -2, NULL, 1, 0, '카테고리', '제목 테스트', '내용', '링크1', '링크2', 0, NULL, '작성자00', '0000', '2023-01-20 10:26:37', '2023-01-20 10:26:38', '111'),
	(273, -3, NULL, 1, 0, '카테고리', '제목 테스트', '내용', '링크1', '링크2', 0, NULL, '작성자00', '0000', '2023-01-20 10:26:37', '2023-01-20 10:26:38', '111'),
	(274, -1, NULL, 1, 0, '카테고리', '제목 테스트', '내용', '링크1', '링크2', 0, NULL, '작성자00', '0000', '2023-01-20 10:26:37', '2023-01-20 10:26:38', '111'),
	(275, -2, NULL, 1, 0, '카테고리', '제목 테스트', '내용', '링크1', '링크2', 0, NULL, '작성자00', '0000', '2023-01-20 10:26:37', '2023-01-20 10:26:38', '111'),
	(276, -3, NULL, 1, 0, '카테고리', '제목 테스트', '내용', '링크1', '링크2', 0, NULL, '작성자00', '0000', '2023-01-20 10:26:37', '2023-01-20 10:26:38', '111'),
	(277, -1, NULL, 1, 0, '카테고리', '제목 테스트', '내용', '링크1', '링크2', 0, NULL, '작성자00', '0000', '2023-01-20 10:26:37', '2023-01-20 10:26:38', '111'),
	(278, -2, NULL, 1, 0, '카테고리', '제목 테스트', '내용', '링크1', '링크2', 0, NULL, '작성자00', '0000', '2023-01-20 10:26:37', '2023-01-20 10:26:38', '111'),
	(279, -3, NULL, 1, 0, '카테고리', '제목 테스트', '내용', '링크1', '링크2', 0, NULL, '작성자00', '0000', '2023-01-20 10:26:37', '2023-01-20 10:26:38', '111'),
	(280, -1, NULL, 1, 0, '카테고리', '제목 테스트', '내용', '링크1', '링크2', 0, NULL, '작성자00', '0000', '2023-01-20 10:26:37', '2023-01-20 10:26:38', '111'),
	(281, -2, NULL, 1, 0, '카테고리', '제목 테스트', '내용', '링크1', '링크2', 0, NULL, '작성자00', '0000', '2023-01-20 10:26:37', '2023-01-20 10:26:38', '111'),
	(282, -3, NULL, 1, 0, '카테고리', '제목 테스트', '내용', '링크1', '링크2', 0, NULL, '작성자00', '0000', '2023-01-20 10:26:37', '2023-01-20 10:26:38', '111'),
	(283, -1, NULL, 1, 0, '카테고리', '제목 테스트', '내용', '링크1', '링크2', 0, NULL, '작성자00', '0000', '2023-01-20 10:26:37', '2023-01-20 10:26:38', '111'),
	(284, -2, NULL, 1, 0, '카테고리', '제목 테스트', '내용', '링크1', '링크2', 0, NULL, '작성자00', '0000', '2023-01-20 10:26:37', '2023-01-20 10:26:38', '111'),
	(285, -3, NULL, 1, 0, '카테고리', '제목 테스트', '내용', '링크1', '링크2', 0, NULL, '작성자00', '0000', '2023-01-20 10:26:37', '2023-01-20 10:26:38', '111'),
	(286, -1, NULL, 1, 0, '카테고리', '제목 테스트', '내용', '링크1', '링크2', 0, NULL, '작성자00', '0000', '2023-01-20 10:26:37', '2023-01-20 10:26:38', '111'),
	(287, -2, NULL, 1, 0, '카테고리', '제목 테스트', '내용', '링크1', '링크2', 0, NULL, '작성자00', '0000', '2023-01-20 10:26:37', '2023-01-20 10:26:38', '111'),
	(288, -3, NULL, 1, 0, '카테고리', '제목 테스트', '내용', '링크1', '링크2', 0, NULL, '작성자00', '0000', '2023-01-20 10:26:37', '2023-01-20 10:26:38', '111'),
	(289, -1, NULL, 1, 0, '카테고리', '제목 테스트', '내용', '링크1', '링크2', 0, NULL, '작성자00', '0000', '2023-01-20 10:26:37', '2023-01-20 10:26:38', '111'),
	(290, -2, NULL, 1, 0, '카테고리', '제목 테스트', '내용', '링크1', '링크2', 0, NULL, '작성자00', '0000', '2023-01-20 10:26:37', '2023-01-20 10:26:38', '111'),
	(291, -3, NULL, 1, 0, '카테고리', '제목 테스트', '내용', '링크1', '링크2', 0, NULL, '작성자00', '0000', '2023-01-20 10:26:37', '2023-01-20 10:26:38', '111'),
	(292, -1, NULL, 1, 0, '카테고리', '제목 테스트', '내용', '링크1', '링크2', 0, NULL, '작성자00', '0000', '2023-01-20 10:26:37', '2023-01-20 10:26:38', '111'),
	(293, -2, NULL, 1, 0, '카테고리', '제목 테스트', '내용', '링크1', '링크2', 0, NULL, '작성자00', '0000', '2023-01-20 10:26:37', '2023-01-20 10:26:38', '111'),
	(294, -3, NULL, 1, 0, '카테고리', '제목 테스트', '내용', '링크1', '링크2', 0, NULL, '작성자00', '0000', '2023-01-20 10:26:37', '2023-01-20 10:26:38', '111'),
	(295, -1, NULL, 1, 0, '카테고리', '제목 테스트', '내용', '링크1', '링크2', 0, NULL, '작성자00', '0000', '2023-01-20 10:26:37', '2023-01-20 10:26:38', '111'),
	(296, -2, NULL, 1, 0, '카테고리', '제목 테스트', '내용', '링크1', '링크2', 0, NULL, '작성자00', '0000', '2023-01-20 10:26:37', '2023-01-20 10:26:38', '111'),
	(297, -3, NULL, 1, 0, '카테고리', '제목 테스트', '내용', '링크1', '링크2', 0, NULL, '작성자00', '0000', '2023-01-20 10:26:37', '2023-01-20 10:26:38', '111'),
	(298, -1, NULL, 1, 0, '카테고리', '제목 테스트', '내용', '링크1', '링크2', 0, NULL, '작성자00', '0000', '2023-01-20 10:26:37', '2023-01-20 10:26:38', '111'),
	(299, -2, NULL, 1, 0, '카테고리', '제목 테스트', '내용', '링크1', '링크2', 0, NULL, '작성자00', '0000', '2023-01-20 10:26:37', '2023-01-20 10:26:38', '111'),
	(300, -3, NULL, 1, 0, '카테고리', '제목 테스트', '내용', '링크1', '링크2', 0, NULL, '작성자00', '0000', '2023-01-20 10:26:37', '2023-01-20 10:26:38', '111'),
	(301, -1, NULL, 1, 0, '카테고리', '제목 테스트', '내용', '링크1', '링크2', 0, NULL, '작성자00', '0000', '2023-01-20 10:26:37', '2023-01-20 10:26:38', '111'),
	(302, -2, NULL, 1, 0, '카테고리', '제목 테스트', '내용', '링크1', '링크2', 0, NULL, '작성자00', '0000', '2023-01-20 10:26:37', '2023-01-20 10:26:38', '111'),
	(303, -3, NULL, 1, 0, '카테고리', '제목 테스트', '내용', '링크1', '링크2', 0, NULL, '작성자00', '0000', '2023-01-20 10:26:37', '2023-01-20 10:26:38', '111'),
	(304, -1, NULL, 1, 0, '카테고리', '제목 테스트', '내용', '링크1', '링크2', 0, NULL, '작성자00', '0000', '2023-01-20 10:26:37', '2023-01-20 10:26:38', '111'),
	(305, -2, NULL, 1, 0, '카테고리', '제목 테스트', '내용', '링크1', '링크2', 0, NULL, '작성자00', '0000', '2023-01-20 10:26:37', '2023-01-20 10:26:38', '111'),
	(306, -3, NULL, 1, 0, '카테고리', '제목 테스트', '내용', '링크1', '링크2', 0, NULL, '작성자00', '0000', '2023-01-20 10:26:37', '2023-01-20 10:26:38', '111'),
	(307, -1, NULL, 1, 0, '카테고리', '제목 테스트', '내용', '링크1', '링크2', 0, NULL, '작성자00', '0000', '2023-01-20 10:26:37', '2023-01-20 10:26:38', '111'),
	(308, -2, NULL, 1, 0, '카테고리', '제목 테스트', '내용', '링크1', '링크2', 0, NULL, '작성자00', '0000', '2023-01-20 10:26:37', '2023-01-20 10:26:38', '111'),
	(309, -3, NULL, 1, 0, '카테고리', '제목 테스트', '내용', '링크1', '링크2', 0, NULL, '작성자00', '0000', '2023-01-20 10:26:37', '2023-01-20 10:26:38', '111'),
	(310, -1, NULL, 1, 0, '카테고리', '제목 테스트', '내용', '링크1', '링크2', 0, NULL, '작성자00', '0000', '2023-01-20 10:26:37', '2023-01-20 10:26:38', '111'),
	(311, -2, NULL, 1, 0, '카테고리', '제목 테스트', '내용', '링크1', '링크2', 0, NULL, '작성자00', '0000', '2023-01-20 10:26:37', '2023-01-20 10:26:38', '111'),
	(312, -3, NULL, 1, 0, '카테고리', '제목 테스트', '내용', '링크1', '링크2', 0, NULL, '작성자00', '0000', '2023-01-20 10:26:37', '2023-01-20 10:26:38', '111'),
	(313, -1, NULL, 1, 0, '카테고리', '제목 테스트', '내용', '링크1', '링크2', 0, NULL, '작성자00', '0000', '2023-01-20 10:26:37', '2023-01-20 10:26:38', '111'),
	(314, -2, NULL, 1, 0, '카테고리', '제목 테스트', '내용', '링크1', '링크2', 0, NULL, '작성자00', '0000', '2023-01-20 10:26:37', '2023-01-20 10:26:38', '111'),
	(315, -3, NULL, 1, 0, '카테고리', '제목 테스트', '내용', '링크1', '링크2', 0, NULL, '작성자00', '0000', '2023-01-20 10:26:37', '2023-01-20 10:26:38', '111'),
	(316, -1, NULL, 1, 0, '카테고리', '제목 테스트', '내용', '링크1', '링크2', 0, NULL, '작성자00', '0000', '2023-01-20 10:26:37', '2023-01-20 10:26:38', '111'),
	(317, -2, NULL, 1, 0, '카테고리', '제목 테스트', '내용', '링크1', '링크2', 0, NULL, '작성자00', '0000', '2023-01-20 10:26:37', '2023-01-20 10:26:38', '111'),
	(318, -3, NULL, 1, 0, '카테고리', '제목 테스트', '내용', '링크1', '링크2', 0, NULL, '작성자00', '0000', '2023-01-20 10:26:37', '2023-01-20 10:26:38', '111'),
	(319, -1, NULL, 1, 0, '카테고리', '제목 테스트', '내용', '링크1', '링크2', 0, NULL, '작성자00', '0000', '2023-01-20 10:26:37', '2023-01-20 10:26:38', '111'),
	(320, -2, NULL, 1, 0, '카테고리', '제목 테스트', '내용', '링크1', '링크2', 0, NULL, '작성자00', '0000', '2023-01-20 10:26:37', '2023-01-20 10:26:38', '111'),
	(321, -3, NULL, 1, 0, '카테고리', '제목 테스트', '내용', '링크1', '링크2', 0, NULL, '작성자00', '0000', '2023-01-20 10:26:37', '2023-01-20 10:26:38', '111'),
	(322, -1, NULL, 1, 0, '카테고리', '제목 테스트', '내용', '링크1', '링크2', 0, NULL, '작성자00', '0000', '2023-01-20 10:26:37', '2023-01-20 10:26:38', '111'),
	(323, -2, NULL, 1, 0, '카테고리', '제목 테스트', '내용', '링크1', '링크2', 0, NULL, '작성자00', '0000', '2023-01-20 10:26:37', '2023-01-20 10:26:38', '111'),
	(324, -3, NULL, 1, 0, '카테고리', '제목 테스트', '내용', '링크1', '링크2', 0, NULL, '작성자00', '0000', '2023-01-20 10:26:37', '2023-01-20 10:26:38', '111'),
	(325, -1, NULL, 1, 0, '카테고리', '제목 테스트', '내용', '링크1', '링크2', 0, NULL, '작성자00', '0000', '2023-01-20 10:26:37', '2023-01-20 10:26:38', '111'),
	(326, -2, NULL, 1, 0, '카테고리', '제목 테스트', '내용', '링크1', '링크2', 0, NULL, '작성자00', '0000', '2023-01-20 10:26:37', '2023-01-20 10:26:38', '111'),
	(327, -3, NULL, 1, 0, '카테고리', '제목 테스트', '내용', '링크1', '링크2', 0, NULL, '작성자00', '0000', '2023-01-20 10:26:37', '2023-01-20 10:26:38', '111'),
	(328, -1, NULL, 1, 0, '카테고리', '제목 테스트', '내용', '링크1', '링크2', 0, NULL, '작성자00', '0000', '2023-01-20 10:26:37', '2023-01-20 10:26:38', '111'),
	(329, -2, NULL, 1, 0, '카테고리', '제목 테스트', '내용', '링크1', '링크2', 0, NULL, '작성자00', '0000', '2023-01-20 10:26:37', '2023-01-20 10:26:38', '111'),
	(330, -3, NULL, 1, 0, '카테고리', '제목 테스트', '내용', '링크1', '링크2', 0, NULL, '작성자00', '0000', '2023-01-20 10:26:37', '2023-01-20 10:26:38', '111'),
	(331, -1, NULL, 1, 0, '카테고리', '제목 테스트', '내용', '링크1', '링크2', 0, NULL, '작성자00', '0000', '2023-01-20 10:26:37', '2023-01-20 10:26:38', '111'),
	(332, -2, NULL, 1, 0, '카테고리', '제목 테스트', '내용', '링크1', '링크2', 0, NULL, '작성자00', '0000', '2023-01-20 10:26:37', '2023-01-20 10:26:38', '111'),
	(333, -3, NULL, 1, 0, '카테고리', '제목 테스트', '내용', '링크1', '링크2', 0, NULL, '작성자00', '0000', '2023-01-20 10:26:37', '2023-01-20 10:26:38', '111'),
	(334, -1, NULL, 1, 0, '카테고리', '제목 테스트', '내용', '링크1', '링크2', 0, NULL, '작성자00', '0000', '2023-01-20 10:26:37', '2023-01-20 10:26:38', '111'),
	(335, -2, NULL, 1, 0, '카테고리', '제목 테스트', '내용', '링크1', '링크2', 0, NULL, '작성자00', '0000', '2023-01-20 10:26:37', '2023-01-20 10:26:38', '111'),
	(336, -3, NULL, 1, 0, '카테고리', '제목 테스트', '내용', '링크1', '링크2', 0, NULL, '작성자00', '0000', '2023-01-20 10:26:37', '2023-01-20 10:26:38', '111'),
	(337, -1, NULL, 1, 0, '카테고리', '제목 테스트', '내용', '링크1', '링크2', 0, NULL, '작성자00', '0000', '2023-01-20 10:26:37', '2023-01-20 10:26:38', '111'),
	(338, -2, NULL, 1, 0, '카테고리', '제목 테스트', '내용', '링크1', '링크2', 0, NULL, '작성자00', '0000', '2023-01-20 10:26:37', '2023-01-20 10:26:38', '111'),
	(339, -3, NULL, 1, 0, '카테고리', '제목 테스트', '내용', '링크1', '링크2', 0, NULL, '작성자00', '0000', '2023-01-20 10:26:37', '2023-01-20 10:26:38', '111'),
	(340, -1, NULL, 1, 0, '카테고리', '제목 테스트', '내용', '링크1', '링크2', 0, NULL, '작성자00', '0000', '2023-01-20 10:26:37', '2023-01-20 10:26:38', '111'),
	(341, -2, NULL, 1, 0, '카테고리', '제목 테스트', '내용', '링크1', '링크2', 0, NULL, '작성자00', '0000', '2023-01-20 10:26:37', '2023-01-20 10:26:38', '111'),
	(342, -3, NULL, 1, 0, '카테고리', '제목 테스트', '내용', '링크1', '링크2', 0, NULL, '작성자00', '0000', '2023-01-20 10:26:37', '2023-01-20 10:26:38', '111'),
	(343, -1, NULL, 1, 0, '카테고리', '제목 테스트', '내용', '링크1', '링크2', 0, NULL, '작성자00', '0000', '2023-01-20 10:26:37', '2023-01-20 10:26:38', '111'),
	(344, -2, NULL, 1, 0, '카테고리', '제목 테스트', '내용', '링크1', '링크2', 0, NULL, '작성자00', '0000', '2023-01-20 10:26:37', '2023-01-20 10:26:38', '111'),
	(345, -3, NULL, 1, 0, '카테고리', '제목 테스트', '내용', '링크1', '링크2', 0, NULL, '작성자00', '0000', '2023-01-20 10:26:37', '2023-01-20 10:26:38', '111'),
	(346, -1, NULL, 1, 0, '카테고리', '제목 테스트', '내용', '링크1', '링크2', 0, NULL, '작성자00', '0000', '2023-01-20 10:26:37', '2023-01-20 10:26:38', '111'),
	(347, -2, NULL, 1, 0, '카테고리', '제목 테스트', '내용', '링크1', '링크2', 0, NULL, '작성자00', '0000', '2023-01-20 10:26:37', '2023-01-20 10:26:38', '111'),
	(348, -3, NULL, 1, 0, '카테고리', '제목 테스트', '내용', '링크1', '링크2', 0, NULL, '작성자00', '0000', '2023-01-20 10:26:37', '2023-01-20 10:26:38', '111'),
	(349, -1, NULL, 1, 0, '카테고리', '제목 테스트', '내용', '링크1', '링크2', 0, NULL, '작성자00', '0000', '2023-01-20 10:26:37', '2023-01-20 10:26:38', '111'),
	(350, -2, NULL, 1, 0, '카테고리', '제목 테스트', '내용', '링크1', '링크2', 0, NULL, '작성자00', '0000', '2023-01-20 10:26:37', '2023-01-20 10:26:38', '111'),
	(351, -3, NULL, 1, 0, '카테고리', '제목 테스트', '내용', '링크1', '링크2', 0, NULL, '작성자00', '0000', '2023-01-20 10:26:37', '2023-01-20 10:26:38', '111'),
	(352, -1, NULL, 1, 0, '카테고리', '제목 테스트', '내용', '링크1', '링크2', 0, NULL, '작성자00', '0000', '2023-01-20 10:26:37', '2023-01-20 10:26:38', '111'),
	(353, -2, NULL, 1, 0, '카테고리', '제목 테스트', '내용', '링크1', '링크2', 0, NULL, '작성자00', '0000', '2023-01-20 10:26:37', '2023-01-20 10:26:38', '111'),
	(354, -3, NULL, 1, 0, '카테고리', '제목 테스트', '내용', '링크1', '링크2', 0, NULL, '작성자00', '0000', '2023-01-20 10:26:37', '2023-01-20 10:26:38', '111'),
	(355, -1, NULL, 1, 0, '카테고리', '제목 테스트', '내용', '링크1', '링크2', 0, NULL, '작성자00', '0000', '2023-01-20 10:26:37', '2023-01-20 10:26:38', '111'),
	(356, -2, NULL, 1, 0, '카테고리', '제목 테스트', '내용', '링크1', '링크2', 0, NULL, '작성자00', '0000', '2023-01-20 10:26:37', '2023-01-20 10:26:38', '111'),
	(357, -3, NULL, 1, 0, '카테고리', '제목 테스트', '내용', '링크1', '링크2', 0, NULL, '작성자00', '0000', '2023-01-20 10:26:37', '2023-01-20 10:26:38', '111'),
	(358, -1, NULL, 1, 0, '카테고리', '제목 테스트', '내용', '링크1', '링크2', 0, NULL, '작성자00', '0000', '2023-01-20 10:26:37', '2023-01-20 10:26:38', '111'),
	(359, -2, NULL, 1, 0, '카테고리', '제목 테스트', '내용', '링크1', '링크2', 0, NULL, '작성자00', '0000', '2023-01-20 10:26:37', '2023-01-20 10:26:38', '111'),
	(360, -3, NULL, 1, 0, '카테고리', '제목 테스트', '내용', '링크1', '링크2', 0, NULL, '작성자00', '0000', '2023-01-20 10:26:37', '2023-01-20 10:26:38', '111'),
	(361, -1, NULL, 1, 0, '카테고리', '제목 테스트', '내용', '링크1', '링크2', 0, NULL, '작성자00', '0000', '2023-01-20 10:26:37', '2023-01-20 10:26:38', '111'),
	(362, -2, NULL, 1, 0, '카테고리', '제목 테스트', '내용', '링크1', '링크2', 0, NULL, '작성자00', '0000', '2023-01-20 10:26:37', '2023-01-20 10:26:38', '111'),
	(363, -3, NULL, 1, 0, '카테고리', '제목 테스트', '내용', '링크1', '링크2', 0, NULL, '작성자00', '0000', '2023-01-20 10:26:37', '2023-01-20 10:26:38', '111'),
	(364, -1, NULL, 1, 0, '카테고리', '제목 테스트', '내용', '링크1', '링크2', 0, NULL, '작성자00', '0000', '2023-01-20 10:26:37', '2023-01-20 10:26:38', '111'),
	(365, -2, NULL, 1, 0, '카테고리', '제목 테스트', '내용', '링크1', '링크2', 0, NULL, '작성자00', '0000', '2023-01-20 10:26:37', '2023-01-20 10:26:38', '111'),
	(366, -3, NULL, 1, 0, '카테고리', '제목 테스트', '내용', '링크1', '링크2', 0, NULL, '작성자00', '0000', '2023-01-20 10:26:37', '2023-01-20 10:26:38', '111'),
	(367, -1, NULL, 1, 0, '카테고리', '제목 테스트', '내용', '링크1', '링크2', 0, NULL, '작성자00', '0000', '2023-01-20 10:26:37', '2023-01-20 10:26:38', '111'),
	(368, -2, NULL, 1, 0, '카테고리', '제목 테스트', '내용', '링크1', '링크2', 0, NULL, '작성자00', '0000', '2023-01-20 10:26:37', '2023-01-20 10:26:38', '111'),
	(369, -3, NULL, 1, 0, '카테고리', '제목 테스트', '내용', '링크1', '링크2', 0, NULL, '작성자00', '0000', '2023-01-20 10:26:37', '2023-01-20 10:26:38', '111'),
	(370, -1, NULL, 1, 0, '카테고리', '제목 테스트', '내용', '링크1', '링크2', 0, NULL, '작성자00', '0000', '2023-01-20 10:26:37', '2023-01-20 10:26:38', '111'),
	(371, -2, NULL, 1, 0, '카테고리', '제목 테스트', '내용', '링크1', '링크2', 0, NULL, '작성자00', '0000', '2023-01-20 10:26:37', '2023-01-20 10:26:38', '111'),
	(372, -3, NULL, 1, 0, '카테고리', '제목 테스트', '내용', '링크1', '링크2', 0, NULL, '작성자00', '0000', '2023-01-20 10:26:37', '2023-01-20 10:26:38', '111'),
	(373, -1, NULL, 1, 0, '카테고리', '제목 테스트', '내용', '링크1', '링크2', 0, NULL, '작성자00', '0000', '2023-01-20 10:26:37', '2023-01-20 10:26:38', '111'),
	(374, -2, NULL, 1, 0, '카테고리', '제목 테스트', '내용', '링크1', '링크2', 0, NULL, '작성자00', '0000', '2023-01-20 10:26:37', '2023-01-20 10:26:38', '111'),
	(375, -3, NULL, 1, 0, '카테고리', '제목 테스트', '내용', '링크1', '링크2', 0, NULL, '작성자00', '0000', '2023-01-20 10:26:37', '2023-01-20 10:26:38', '111'),
	(376, -1, NULL, 1, 0, '카테고리', '제목 테스트', '내용', '링크1', '링크2', 0, NULL, '작성자00', '0000', '2023-01-20 10:26:37', '2023-01-20 10:26:38', '111'),
	(377, -2, NULL, 1, 0, '카테고리', '제목 테스트', '내용', '링크1', '링크2', 0, NULL, '작성자00', '0000', '2023-01-20 10:26:37', '2023-01-20 10:26:38', '111'),
	(378, -3, NULL, 1, 0, '카테고리', '제목 테스트', '내용', '링크1', '링크2', 0, NULL, '작성자00', '0000', '2023-01-20 10:26:37', '2023-01-20 10:26:38', '111'),
	(379, -1, NULL, 1, 0, '카테고리', '제목 테스트', '내용', '링크1', '링크2', 0, NULL, '작성자00', '0000', '2023-01-20 10:26:37', '2023-01-20 10:26:38', '111'),
	(380, -2, NULL, 1, 0, '카테고리', '제목 테스트', '내용', '링크1', '링크2', 0, NULL, '작성자00', '0000', '2023-01-20 10:26:37', '2023-01-20 10:26:38', '111'),
	(381, -3, NULL, 1, 0, '카테고리', '제목 테스트', '내용', '링크1', '링크2', 0, NULL, '작성자00', '0000', '2023-01-20 10:26:37', '2023-01-20 10:26:38', '111'),
	(382, -1, NULL, 1, 0, '카테고리', '제목 테스트', '내용', '링크1', '링크2', 0, NULL, '작성자00', '0000', '2023-01-20 10:26:37', '2023-01-20 10:26:38', '111'),
	(383, -2, NULL, 1, 0, '카테고리', '제목 테스트', '내용', '링크1', '링크2', 0, NULL, '작성자00', '0000', '2023-01-20 10:26:37', '2023-01-20 10:26:38', '111'),
	(384, -3, NULL, 1, 0, '카테고리', '제목 테스트', '내용', '링크1', '링크2', 0, NULL, '작성자00', '0000', '2023-01-20 10:26:37', '2023-01-20 10:26:38', '111'),
	(385, -1, NULL, 1, 0, '카테고리', '제목 테스트', '내용', '링크1', '링크2', 0, NULL, '작성자00', '0000', '2023-01-20 10:26:37', '2023-01-20 10:26:38', '111'),
	(386, -2, NULL, 1, 0, '카테고리', '제목 테스트', '내용', '링크1', '링크2', 0, NULL, '작성자00', '0000', '2023-01-20 10:26:37', '2023-01-20 10:26:38', '111'),
	(387, -3, NULL, 1, 0, '카테고리', '제목 테스트', '내용', '링크1', '링크2', 0, NULL, '작성자00', '0000', '2023-01-20 10:26:37', '2023-01-20 10:26:38', '111'),
	(388, -1, NULL, 1, 0, '카테고리', '제목 테스트', '내용', '링크1', '링크2', 0, NULL, '작성자00', '0000', '2023-01-20 10:26:37', '2023-01-20 10:26:38', '111'),
	(389, -2, NULL, 1, 0, '카테고리', '제목 테스트', '내용', '링크1', '링크2', 0, NULL, '작성자00', '0000', '2023-01-20 10:26:37', '2023-01-20 10:26:38', '111'),
	(390, -3, NULL, 1, 0, '카테고리', '제목 테스트', '내용', '링크1', '링크2', 0, NULL, '작성자00', '0000', '2023-01-20 10:26:37', '2023-01-20 10:26:38', '111'),
	(391, -1, NULL, 1, 0, '카테고리', '제목 테스트', '내용', '링크1', '링크2', 0, NULL, '작성자00', '0000', '2023-01-20 10:26:37', '2023-01-20 10:26:38', '111'),
	(392, -2, NULL, 1, 0, '카테고리', '제목 테스트', '내용', '링크1', '링크2', 0, NULL, '작성자00', '0000', '2023-01-20 10:26:37', '2023-01-20 10:26:38', '111'),
	(393, -3, NULL, 1, 0, '카테고리', '제목 테스트', '내용', '링크1', '링크2', 0, NULL, '작성자00', '0000', '2023-01-20 10:26:37', '2023-01-20 10:26:38', '111'),
	(394, -1, NULL, 1, 0, '카테고리', '제목 테스트', '내용', '링크1', '링크2', 0, NULL, '작성자00', '0000', '2023-01-20 10:26:37', '2023-01-20 10:26:38', '111'),
	(395, -2, NULL, 1, 0, '카테고리', '제목 테스트', '내용', '링크1', '링크2', 0, NULL, '작성자00', '0000', '2023-01-20 10:26:37', '2023-01-20 10:26:38', '111'),
	(396, -3, NULL, 1, 0, '카테고리', '제목 테스트', '내용', '링크1', '링크2', 0, NULL, '작성자00', '0000', '2023-01-20 10:26:37', '2023-01-20 10:26:38', '111'),
	(397, -1, NULL, 1, 0, '카테고리', '제목 테스트', '내용', '링크1', '링크2', 0, NULL, '작성자00', '0000', '2023-01-20 10:26:37', '2023-01-20 10:26:38', '111'),
	(398, -2, NULL, 1, 0, '카테고리', '제목 테스트', '내용', '링크1', '링크2', 0, NULL, '작성자00', '0000', '2023-01-20 10:26:37', '2023-01-20 10:26:38', '111'),
	(399, -3, NULL, 1, 0, '카테고리', '제목 테스트', '내용', '링크1', '링크2', 0, NULL, '작성자00', '0000', '2023-01-20 10:26:37', '2023-01-20 10:26:38', '111'),
	(400, -1, NULL, 1, 0, '카테고리', '제목 테스트', '내용', '링크1', '링크2', 0, NULL, '작성자00', '0000', '2023-01-20 10:26:37', '2023-01-20 10:26:38', '111'),
	(401, -2, NULL, 1, 0, '카테고리', '제목 테스트', '내용', '링크1', '링크2', 0, NULL, '작성자00', '0000', '2023-01-20 10:26:37', '2023-01-20 10:26:38', '111'),
	(402, -3, NULL, 1, 0, '카테고리', '제목 테스트', '내용', '링크1', '링크2', 0, NULL, '작성자00', '0000', '2023-01-20 10:26:37', '2023-01-20 10:26:38', '111'),
	(403, -1, NULL, 1, 0, '카테고리', '제목 테스트', '내용', '링크1', '링크2', 0, NULL, '작성자00', '0000', '2023-01-20 10:26:37', '2023-01-20 10:26:38', '111'),
	(404, -2, NULL, 1, 0, '카테고리', '제목 테스트', '내용', '링크1', '링크2', 0, NULL, '작성자00', '0000', '2023-01-20 10:26:37', '2023-01-20 10:26:38', '111'),
	(405, -3, NULL, 1, 0, '카테고리', '제목 테스트', '내용', '링크1', '링크2', 0, NULL, '작성자00', '0000', '2023-01-20 10:26:37', '2023-01-20 10:26:38', '111'),
	(406, -1, NULL, 1, 0, '카테고리', '제목 테스트', '내용', '링크1', '링크2', 0, NULL, '작성자00', '0000', '2023-01-20 10:26:37', '2023-01-20 10:26:38', '111'),
	(407, -2, NULL, 1, 0, '카테고리', '제목 테스트', '내용', '링크1', '링크2', 0, NULL, '작성자00', '0000', '2023-01-20 10:26:37', '2023-01-20 10:26:38', '111'),
	(408, -3, NULL, 1, 0, '카테고리', '제목 테스트', '내용', '링크1', '링크2', 0, NULL, '작성자00', '0000', '2023-01-20 10:26:37', '2023-01-20 10:26:38', '111'),
	(409, -1, NULL, 1, 0, '카테고리', '제목 테스트', '내용', '링크1', '링크2', 0, NULL, '작성자00', '0000', '2023-01-20 10:26:37', '2023-01-20 10:26:38', '111'),
	(410, -2, NULL, 1, 0, '카테고리', '제목 테스트', '내용', '링크1', '링크2', 0, NULL, '작성자00', '0000', '2023-01-20 10:26:37', '2023-01-20 10:26:38', '111'),
	(411, -3, NULL, 1, 0, '카테고리', '제목 테스트', '내용', '링크1', '링크2', 0, NULL, '작성자00', '0000', '2023-01-20 10:26:37', '2023-01-20 10:26:38', '111'),
	(412, -1, NULL, 1, 0, '카테고리', '제목 테스트', '내용', '링크1', '링크2', 0, NULL, '작성자00', '0000', '2023-01-20 10:26:37', '2023-01-20 10:26:38', '111'),
	(413, -2, NULL, 1, 0, '카테고리', '제목 테스트', '내용', '링크1', '링크2', 0, NULL, '작성자00', '0000', '2023-01-20 10:26:37', '2023-01-20 10:26:38', '111'),
	(414, -3, NULL, 1, 0, '카테고리', '제목 테스트', '내용', '링크1', '링크2', 0, NULL, '작성자00', '0000', '2023-01-20 10:26:37', '2023-01-20 10:26:38', '111'),
	(415, -1, NULL, 1, 0, '카테고리', '제목 테스트', '내용', '링크1', '링크2', 0, NULL, '작성자00', '0000', '2023-01-20 10:26:37', '2023-01-20 10:26:38', '111'),
	(416, -2, NULL, 1, 0, '카테고리', '제목 테스트', '내용', '링크1', '링크2', 0, NULL, '작성자00', '0000', '2023-01-20 10:26:37', '2023-01-20 10:26:38', '111'),
	(417, -3, NULL, 1, 0, '카테고리', '제목 테스트', '내용', '링크1', '링크2', 0, NULL, '작성자00', '0000', '2023-01-20 10:26:37', '2023-01-20 10:26:38', '111'),
	(418, -1, NULL, 1, 0, '카테고리', '제목 테스트', '내용', '링크1', '링크2', 0, NULL, '작성자00', '0000', '2023-01-20 10:26:37', '2023-01-20 10:26:38', '111'),
	(419, -2, NULL, 1, 0, '카테고리', '제목 테스트', '내용', '링크1', '링크2', 0, NULL, '작성자00', '0000', '2023-01-20 10:26:37', '2023-01-20 10:26:38', '111'),
	(420, -3, NULL, 1, 0, '카테고리', '제목 테스트', '내용', '링크1', '링크2', 0, NULL, '작성자00', '0000', '2023-01-20 10:26:37', '2023-01-20 10:26:38', '111'),
	(421, -1, NULL, 1, 0, '카테고리', '제목 테스트', '내용', '링크1', '링크2', 0, NULL, '작성자00', '0000', '2023-01-20 10:26:37', '2023-01-20 10:26:38', '111'),
	(422, -2, NULL, 1, 0, '카테고리', '제목 테스트', '내용', '링크1', '링크2', 0, NULL, '작성자00', '0000', '2023-01-20 10:26:37', '2023-01-20 10:26:38', '111'),
	(423, -3, NULL, 1, 0, '카테고리', '제목 테스트', '내용', '링크1', '링크2', 0, NULL, '작성자00', '0000', '2023-01-20 10:26:37', '2023-01-20 10:26:38', '111'),
	(424, -1, NULL, 1, 0, '카테고리', '제목 테스트', '내용', '링크1', '링크2', 0, NULL, '작성자00', '0000', '2023-01-20 10:26:37', '2023-01-20 10:26:38', '111'),
	(425, -2, NULL, 1, 0, '카테고리', '제목 테스트', '내용', '링크1', '링크2', 0, NULL, '작성자00', '0000', '2023-01-20 10:26:37', '2023-01-20 10:26:38', '111'),
	(426, -3, NULL, 1, 0, '카테고리', '제목 테스트', '내용', '링크1', '링크2', 0, NULL, '작성자00', '0000', '2023-01-20 10:26:37', '2023-01-20 10:26:38', '111'),
	(427, -1, NULL, 1, 0, '카테고리', '제목 테스트', '내용', '링크1', '링크2', 0, NULL, '작성자00', '0000', '2023-01-20 10:26:37', '2023-01-20 10:26:38', '111'),
	(428, -2, NULL, 1, 0, '카테고리', '제목 테스트', '내용', '링크1', '링크2', 0, NULL, '작성자00', '0000', '2023-01-20 10:26:37', '2023-01-20 10:26:38', '111'),
	(429, -3, NULL, 1, 0, '카테고리', '제목 테스트', '내용', '링크1', '링크2', 0, NULL, '작성자00', '0000', '2023-01-20 10:26:37', '2023-01-20 10:26:38', '111'),
	(430, -1, NULL, 1, 0, '카테고리', '제목 테스트', '내용', '링크1', '링크2', 0, NULL, '작성자00', '0000', '2023-01-20 10:26:37', '2023-01-20 10:26:38', '111'),
	(431, -2, NULL, 1, 0, '카테고리', '제목 테스트', '내용', '링크1', '링크2', 0, NULL, '작성자00', '0000', '2023-01-20 10:26:37', '2023-01-20 10:26:38', '111'),
	(432, -3, NULL, 1, 0, '카테고리', '제목 테스트', '내용', '링크1', '링크2', 0, NULL, '작성자00', '0000', '2023-01-20 10:26:37', '2023-01-20 10:26:38', '111'),
	(433, -1, NULL, 1, 0, '카테고리', '제목 테스트', '내용', '링크1', '링크2', 0, NULL, '작성자00', '0000', '2023-01-20 10:26:37', '2023-01-20 10:26:38', '111'),
	(434, -2, NULL, 1, 0, '카테고리', '제목 테스트', '내용', '링크1', '링크2', 0, NULL, '작성자00', '0000', '2023-01-20 10:26:37', '2023-01-20 10:26:38', '111'),
	(435, -3, NULL, 1, 0, '카테고리', '제목 테스트', '내용', '링크1', '링크2', 0, NULL, '작성자00', '0000', '2023-01-20 10:26:37', '2023-01-20 10:26:38', '111'),
	(436, -1, NULL, 1, 0, '카테고리', '제목 테스트', '내용', '링크1', '링크2', 0, NULL, '작성자00', '0000', '2023-01-20 10:26:37', '2023-01-20 10:26:38', '111'),
	(437, -2, NULL, 1, 0, '카테고리', '제목 테스트', '내용', '링크1', '링크2', 0, NULL, '작성자00', '0000', '2023-01-20 10:26:37', '2023-01-20 10:26:38', '111'),
	(438, -3, NULL, 1, 0, '카테고리', '제목 테스트', '내용', '링크1', '링크2', 0, NULL, '작성자00', '0000', '2023-01-20 10:26:37', '2023-01-20 10:26:38', '111'),
	(439, -1, NULL, 1, 0, '카테고리', '제목 테스트', '내용', '링크1', '링크2', 0, NULL, '작성자00', '0000', '2023-01-20 10:26:37', '2023-01-20 10:26:38', '111'),
	(440, -2, NULL, 1, 0, '카테고리', '제목 테스트', '내용', '링크1', '링크2', 0, NULL, '작성자00', '0000', '2023-01-20 10:26:37', '2023-01-20 10:26:38', '111'),
	(441, -3, NULL, 1, 0, '카테고리', '제목 테스트', '내용', '링크1', '링크2', 0, NULL, '작성자00', '0000', '2023-01-20 10:26:37', '2023-01-20 10:26:38', '111');
/*!40000 ALTER TABLE `write_free` ENABLE KEYS */;

/*!40101 SET SQL_MODE=IFNULL(@OLD_SQL_MODE, '') */;
/*!40014 SET FOREIGN_KEY_CHECKS=IFNULL(@OLD_FOREIGN_KEY_CHECKS, 1) */;
/*!40101 SET CHARACTER_SET_CLIENT=@OLD_CHARACTER_SET_CLIENT */;
/*!40111 SET SQL_NOTES=IFNULL(@OLD_SQL_NOTES, 1) */;
