<?xml version="1.0" encoding="UTF-8"?>
<beans xmlns="http://www.springframework.org/schema/beans"
	xmlns:xsi="http://www.w3.org/2001/XMLSchema-instance"
	xmlns:context="http://www.springframework.org/schema/context"
	xmlns:mybatis="http://mybatis.org/schema/mybatis-spring"
	xsi:schemaLocation="http://mybatis.org/schema/mybatis-spring http://mybatis.org/schema/mybatis-spring-1.2.xsd
		http://www.springframework.org/schema/beans http://www.springframework.org/schema/beans/spring-beans.xsd
		http://www.springframework.org/schema/context http://www.springframework.org/schema/context/spring-context-4.3.xsd">
			
	<!-- Root Context: defines shared resources visible to all other web components -->

	<!-- 히카리CP -->
	<bean id="hikariConfig" class="com.zaxxer.hikari.HikariConfig">
		<!-- <property name="driverClassName" value="org.mariadb.jdbc.Driver"/> -->
		<!-- <property name="jdbcUrl" value="jdbc:mariadb://localhost:3306/webdb"></property> -->
		<property name="driverClassName" value="com.mysql.cj.jdbc.Driver"/>
		<property name="jdbcUrl" value="jdbc:mysql://localhost:3307/campingcar?useUnicode=true&amp;serverTimezone=UTC"></property>
		<property name="username" value="root"></property>
		<property name="password" value="0000"></property>
		<property name="dataSourceProperties">
			<props>
				<prop key="cachePrepStmts">true</prop>
				<prop key="prepStmtCacheSize">250</prop>
				<prop key="prepStmtCacheSqlLimit">2048</prop>
			</props>
		</property>
	</bean>
	<bean id="dataSource" class="com.zaxxer.hikari.HikariDataSource" destroy-method="close">
		<constructor-arg ref="hikariConfig" />
	</bean>

	<!-- 마이바티스 -->
	<bean id="sqlSessionFactory" class="org.mybatis.spring.SqlSessionFactoryBean">
		<property name="dataSource" ref="dataSource" />
		<property name="mapperLocations" value="classpath:/mappers/**/*.xml"></property>
	</bean>
	<!-- 매퍼 스캔 -->
	<mybatis:scan base-package="kr.co.ccrent.sample.mapper"></mybatis:scan>
	<mybatis:scan base-package="kr.co.ccrent.car.mapper"></mybatis:scan>
	<mybatis:scan base-package="kr.co.ccrent.reserve.mapper"></mybatis:scan>

	<!-- 공용 패키지 스캔 -->	
	<context:component-scan base-package="kr.co.ccrent.common"></context:component-scan>
	
	<!-- 서비스 스캔 -->
	<context:component-scan base-package="kr.co.ccrent.sample.service"></context:component-scan>
	<context:component-scan base-package="kr.co.ccrent.car.service"></context:component-scan>
	
</beans>
